#
# There is insufficient memory for the Java Runtime Environment to continue.
# Native memory allocation (mmap) failed to map 192937984 bytes. Error detail: G1 virtual space
# Possible reasons:
#   The system is out of physical RAM or swap space
#   This process is running with CompressedOops enabled, and the Java Heap may be blocking the growth of the native heap
# Possible solutions:
#   Reduce memory load on the system
#   Increase physical memory or swap space
#   Check if swap backing store is full
#   Decrease Java heap size (-Xmx/-Xms)
#   Decrease number of Java threads
#   Decrease Java thread stack sizes (-Xss)
#   Set larger code cache with -XX:ReservedCodeCacheSize=
#   JVM is running with Zero Based Compressed Oops mode in which the Java heap is
#     placed in the first 32GB address space. The Java Heap base address is the
#     maximum limit for the native heap growth. Please use -XX:HeapBaseMinAddress
#     to set the Java Heap base and to place the Java Heap above 32GB virtual address.
# This output file may be truncated or incomplete.
#
#  Out of Memory Error (os_windows.cpp:3630), pid=7764, tid=8328
#
# JRE version: OpenJDK Runtime Environment Temurin-17.0.20.1+1 (17.0.20.1+1) (build 17.0.20.1+1)
# Java VM: OpenJDK 64-Bit Server VM Temurin-17.0.20.1+1 (17.0.20.1+1, mixed mode, sharing, tiered, compressed oops, compressed class ptrs, g1 gc, windows-amd64)
# No core dump will be written. Minidumps are not enabled by default on client versions of Windows
#

---------------  S U M M A R Y ------------

Command Line: -Xmx6g --add-opens=java.base/java.nio=ALL-UNNAMED --add-opens=java.base/sun.nio.ch=ALL-UNNAMED --add-opens=java.base/java.lang=ALL-UNNAMED --add-opens=java.base/java.util=ALL-UNNAMED -XX:+IgnoreUnrecognizedVMOptions --add-modules=jdk.incubator.vector --add-opens=java.base/java.lang=ALL-UNNAMED --add-opens=java.base/java.lang.invoke=ALL-UNNAMED --add-opens=java.base/java.lang.reflect=ALL-UNNAMED --add-opens=java.base/java.io=ALL-UNNAMED --add-opens=java.base/java.net=ALL-UNNAMED --add-opens=java.base/java.nio=ALL-UNNAMED --add-opens=java.base/java.util=ALL-UNNAMED --add-opens=java.base/java.util.concurrent=ALL-UNNAMED --add-opens=java.base/java.util.concurrent.atomic=ALL-UNNAMED --add-opens=java.base/jdk.internal.ref=ALL-UNNAMED --add-opens=java.base/sun.nio.ch=ALL-UNNAMED --add-opens=java.base/sun.nio.cs=ALL-UNNAMED --add-opens=java.base/sun.security.action=ALL-UNNAMED --add-opens=java.base/sun.util.calendar=ALL-UNNAMED --add-opens=java.security.jgss/sun.security.krb5=ALL-UNNAMED -Dio.netty.tryReflectionSetAccessible=true -Dio.netty.allocator.type=pooled -Dio.netty.handler.ssl.defaultEndpointVerificationAlgorithm=NONE --sun-misc-unsafe-memory-access=allow --enable-native-access=ALL-UNNAMED -Dderby.connection.requireAuthentication=false org.apache.spark.deploy.SparkSubmit --conf spark.executor.memory=4g --conf spark.master=local[2] --conf spark.driver.memory=6g --conf spark.rpc.message.maxSize=512 --conf spark.driver.maxResultSize=4g --conf spark.executor.heartbeatInterval=120s --conf spark.network.timeout=600s --conf spark.app.name=ClusterBench_gpu_only_3000 --conf spark.executor.cores=4 --conf spark.python.worker.reuse=true --conf spark.task.cpus=2 --conf spark.python.worker.memory=4g --conf spark.driver.extraJavaOptions=--add-opens=java.base/java.nio=ALL-UNNAMED --add-opens=java.base/sun.nio.ch=ALL-UNNAMED --add-opens=java.base/java.lang=ALL-UNNAMED --add-opens=java.base/java.util=ALL-UNNAMED pyspark-shell

Host: Intel(R) Core(TM) i5-9300H CPU @ 2.40GHz, 8 cores, 7G,  Windows 11 , 64 bit Build 26100 (10.0.26100.9444)
Time: Sat Sep 26 17:35:48 2026 India Standard Time elapsed time: 77.538162 seconds (0d 0h 1m 17s)

---------------  T H R E A D  ---------------

Current thread (0x0000028024000080):  VMThread "VM Thread" [stack: 0x00000086d0900000,0x00000086d0a00000] [id=8328]

Stack: [0x00000086d0900000,0x00000086d0a00000]
Native frames: (J=compiled Java code, j=interpreted, Vv=VM code, C=native code)
V  [jvm.dll+0x684d39]
V  [jvm.dll+0x83a565]
V  [jvm.dll+0x83bfde]
V  [jvm.dll+0x83c663]
V  [jvm.dll+0x2490cf]
V  [jvm.dll+0x681af9]
V  [jvm.dll+0x6768ba]
V  [jvm.dll+0x309467]
V  [jvm.dll+0x310a56]
V  [jvm.dll+0x360f3e]
V  [jvm.dll+0x36117d]
V  [jvm.dll+0x2e04ec]
V  [jvm.dll+0x2de8c2]
V  [jvm.dll+0x2de05c]
V  [jvm.dll+0x321081]
V  [jvm.dll+0x840e7d]
V  [jvm.dll+0x841bb3]
V  [jvm.dll+0x8420df]
V  [jvm.dll+0x8424c5]
V  [jvm.dll+0x84258e]
V  [jvm.dll+0x7eb17c]
V  [jvm.dll+0x683c07]
C  [ucrtbase.dll+0x2cd30]
C  [KERNEL32.DLL+0x2cd87]
C  [ntdll.dll+0xacaec]

VM_Operation (0x00000086d23fab90): G1TryInitiateConcMark, mode: safepoint, requested by thread 0x00000280271bc760


---------------  P R O C E S S  ---------------

Threads class SMR info:
_java_thread_list=0x00000280276d4ba0, length=56, elements={
0x0000027fb5378ac0, 0x0000028024006be0, 0x0000028024009030, 0x0000028024019b60,
0x000002802401c440, 0x0000028024021eb0, 0x00000280240272d0, 0x00000280240329b0,
0x0000028024032ed0, 0x0000028024028200, 0x0000028024025e90, 0x0000028024026dc0,
0x00000280240263a0, 0x0000028024024f60, 0x00000280240268b0, 0x0000028024027cf0,
0x0000028024028710, 0x00000280271bc760, 0x00000280271ba900, 0x00000280271b9ee0,
0x00000280271bbd40, 0x00000280271bcc70, 0x00000280271bd180, 0x00000280271ba3f0,
0x00000280271bae10, 0x00000280271bb320, 0x00000280271bb830, 0x00000280271bc250,
0x000002802531adf0, 0x0000028025319ec0, 0x00000280253194a0, 0x000002802531b810,
0x000002802531bd20, 0x000002802531b300, 0x0000028025318570, 0x000002802531c230,
0x0000028025318a80, 0x000002802531a3d0, 0x000002802531c740, 0x000002802531a8e0,
0x0000028025318f90, 0x00000280253199b0, 0x000002802531d670, 0x000002802531efc0,
0x000002802531f4d0, 0x000002802531db80, 0x000002802531e090, 0x000002802531eab0,
0x000002802531f9e0, 0x000002802531e5a0, 0x00000280267302b0, 0x0000028026734990,
0x0000028026737c30, 0x0000028026734ea0, 0x00000280267353b0, 0x00000280267358c0
}

Java Threads: ( => current thread )
  0x0000027fb5378ac0 JavaThread "main" [_thread_in_native, id=30028, stack(0x00000086d0300000,0x00000086d0400000)]
  0x0000028024006be0 JavaThread "Reference Handler" daemon [_thread_blocked, id=21164, stack(0x00000086d0a00000,0x00000086d0b00000)]
  0x0000028024009030 JavaThread "Finalizer" daemon [_thread_blocked, id=10560, stack(0x00000086d0b00000,0x00000086d0c00000)]
  0x0000028024019b60 JavaThread "Signal Dispatcher" daemon [_thread_blocked, id=31608, stack(0x00000086d0c00000,0x00000086d0d00000)]
  0x000002802401c440 JavaThread "Attach Listener" daemon [_thread_blocked, id=9020, stack(0x00000086d0d00000,0x00000086d0e00000)]
  0x0000028024021eb0 JavaThread "Service Thread" daemon [_thread_blocked, id=18592, stack(0x00000086d0e00000,0x00000086d0f00000)]
  0x00000280240272d0 JavaThread "Monitor Deflation Thread" daemon [_thread_blocked, id=22292, stack(0x00000086d0f00000,0x00000086d1000000)]
  0x00000280240329b0 JavaThread "C2 CompilerThread0" daemon [_thread_blocked, id=28808, stack(0x00000086d1000000,0x00000086d1100000)]
  0x0000028024032ed0 JavaThread "C1 CompilerThread0" daemon [_thread_blocked, id=21564, stack(0x00000086d1100000,0x00000086d1200000)]
  0x0000028024028200 JavaThread "Sweeper thread" daemon [_thread_blocked, id=21932, stack(0x00000086d1200000,0x00000086d1300000)]
  0x0000028024025e90 JavaThread "Common-Cleaner" daemon [_thread_blocked, id=7100, stack(0x00000086d1300000,0x00000086d1400000)]
  0x0000028024026dc0 JavaThread "Notification Thread" daemon [_thread_blocked, id=19864, stack(0x00000086d1400000,0x00000086d1500000)]
  0x00000280240263a0 JavaThread "Thread-1" [_thread_in_native, id=1636, stack(0x00000086d1e00000,0x00000086d1f00000)]
  0x0000028024024f60 JavaThread "Thread-2" [_thread_blocked, id=12056, stack(0x00000086d1f00000,0x00000086d2000000)]
  0x00000280240268b0 JavaThread "Thread-3" [_thread_in_native, id=23116, stack(0x00000086d2000000,0x00000086d2100000)]
  0x0000028024027cf0 JavaThread "rpc-boss-3-1" daemon [_thread_in_native, id=20580, stack(0x00000086d2100000,0x00000086d2200000)]
  0x0000028024028710 JavaThread "dispatcher-event-loop-0" daemon [_thread_blocked, id=13940, stack(0x00000086d2200000,0x00000086d2300000)]
  0x00000280271bc760 JavaThread "dispatcher-event-loop-1" daemon [_thread_blocked, id=14384, stack(0x00000086d2300000,0x00000086d2400000)]
  0x00000280271ba900 JavaThread "map-output-dispatcher-0" daemon [_thread_blocked, id=8348, stack(0x00000086d2400000,0x00000086d2500000)]
  0x00000280271b9ee0 JavaThread "map-output-dispatcher-1" daemon [_thread_blocked, id=28692, stack(0x00000086d2500000,0x00000086d2600000)]
  0x00000280271bbd40 JavaThread "map-output-dispatcher-2" daemon [_thread_blocked, id=18448, stack(0x00000086d2600000,0x00000086d2700000)]
  0x00000280271bcc70 JavaThread "map-output-dispatcher-3" daemon [_thread_blocked, id=26800, stack(0x00000086d2700000,0x00000086d2800000)]
  0x00000280271bd180 JavaThread "map-output-dispatcher-4" daemon [_thread_blocked, id=9968, stack(0x00000086d2800000,0x00000086d2900000)]
  0x00000280271ba3f0 JavaThread "map-output-dispatcher-5" daemon [_thread_blocked, id=10220, stack(0x00000086d2900000,0x00000086d2a00000)]
  0x00000280271bae10 JavaThread "map-output-dispatcher-6" daemon [_thread_blocked, id=18664, stack(0x00000086d2a00000,0x00000086d2b00000)]
  0x00000280271bb320 JavaThread "map-output-dispatcher-7" daemon [_thread_blocked, id=27072, stack(0x00000086d2b00000,0x00000086d2c00000)]
  0x00000280271bb830 JavaThread "dispatcher-BlockManagerMaster" daemon [_thread_blocked, id=26936, stack(0x00000086d2c00000,0x00000086d2d00000)]
  0x00000280271bc250 JavaThread "dispatcher-BlockManagerEndpoint1" daemon [_thread_blocked, id=32340, stack(0x00000086d2d00000,0x00000086d2e00000)]
  0x000002802531adf0 JavaThread "RemoteBlock-temp-file-clean-thread" daemon [_thread_blocked, id=14796, stack(0x00000086d2e00000,0x00000086d2f00000)]
  0x0000028025319ec0 JavaThread "refresh progress" daemon [_thread_blocked, id=23748, stack(0x00000086d2f00000,0x00000086d3000000)]
  0x00000280253194a0 JavaThread "SparkUI-36" daemon [_thread_in_native, id=25320, stack(0x00000086d3000000,0x00000086d3100000)]
  0x000002802531b810 JavaThread "SparkUI-37" daemon [_thread_in_native, id=8672, stack(0x00000086d3100000,0x00000086d3200000)]
  0x000002802531bd20 JavaThread "SparkUI-38" daemon [_thread_in_native, id=31508, stack(0x00000086d3200000,0x00000086d3300000)]
  0x000002802531b300 JavaThread "SparkUI-39" daemon [_thread_in_native, id=30576, stack(0x00000086d3300000,0x00000086d3400000)]
  0x0000028025318570 JavaThread "SparkUI-40-acceptor-0@4142643f-osjs.ServerConnector@4f859267{HTTP/1.1, (http/1.1)}{0.0.0.0:4040}" daemon [_thread_in_native, id=29756, stack(0x00000086d3400000,0x00000086d3500000)]
  0x000002802531c230 JavaThread "SparkUI-41" daemon [_thread_blocked, id=8744, stack(0x00000086d3500000,0x00000086d3600000)]
  0x0000028025318a80 JavaThread "SparkUI-42" daemon [_thread_blocked, id=25684, stack(0x00000086d3600000,0x00000086d3700000)]
  0x000002802531a3d0 JavaThread "SparkUI-43" daemon [_thread_blocked, id=28544, stack(0x00000086d3700000,0x00000086d3800000)]
  0x000002802531c740 JavaThread "dispatcher-HeartbeatReceiver" daemon [_thread_blocked, id=31476, stack(0x00000086d3800000,0x00000086d3900000)]
  0x000002802531a8e0 JavaThread "heartbeat-receiver-event-loop-thread" daemon [_thread_blocked, id=20400, stack(0x00000086d3900000,0x00000086d3a00000)]
  0x0000028025318f90 JavaThread "netty-rpc-env-timeout" daemon [_thread_blocked, id=20840, stack(0x00000086d3a00000,0x00000086d3b00000)]
  0x00000280253199b0 JavaThread "dag-scheduler-event-loop" daemon [_thread_blocked, id=26252, stack(0x00000086d3b00000,0x00000086d3c00000)]
  0x000002802531d670 JavaThread "driver-heartbeater" daemon [_thread_blocked, id=27124, stack(0x00000086d3c00000,0x00000086d3d00000)]
  0x000002802531efc0 JavaThread "executor-kill-mark-cleanup" daemon [_thread_blocked, id=5352, stack(0x00000086d3d00000,0x00000086d3e00000)]
  0x000002802531f4d0 JavaThread "executor-heartbeater" daemon [_thread_blocked, id=24120, stack(0x00000086d3e00000,0x00000086d3f00000)]
  0x000002802531db80 JavaThread "shuffle-boss-6-1" daemon [_thread_in_native, id=28760, stack(0x00000086d3f00000,0x00000086d4000000)]
  0x000002802531e090 JavaThread "Spark Context Cleaner" daemon [_thread_blocked, id=29116, stack(0x00000086d4000000,0x00000086d4100000)]
  0x000002802531eab0 JavaThread "context-cleaner-periodic-gc" daemon [_thread_blocked, id=21300, stack(0x00000086d4100000,0x00000086d4200000)]
  0x000002802531f9e0 JavaThread "spark-listener-group-appStatus" daemon [_thread_blocked, id=16608, stack(0x00000086d4200000,0x00000086d4300000)]
  0x000002802531e5a0 JavaThread "spark-listener-group-executorManagement" daemon [_thread_blocked, id=20252, stack(0x00000086d4300000,0x00000086d4400000)]
  0x00000280267302b0 JavaThread "element-tracking-store-worker" daemon [_thread_blocked, id=19048, stack(0x00000086d4400000,0x00000086d4500000)]
  0x0000028026734990 JavaThread "Executor task idle worker#56" daemon [_thread_blocked, id=31836, stack(0x00000086d4700000,0x00000086d4800000)]
  0x0000028026737c30 JavaThread "Idle Worker Monitor for python" daemon [_thread_blocked, id=31256, stack(0x00000086d4800000,0x00000086d4900000)]
  0x0000028026734ea0 JavaThread "stdout reader for python" daemon [_thread_in_native, id=12544, stack(0x00000086d4900000,0x00000086d4a00000)]
  0x00000280267353b0 JavaThread "stderr reader for python" daemon [_thread_in_native, id=25324, stack(0x00000086d4a00000,0x00000086d4b00000)]
  0x00000280267358c0 JavaThread "task-result-getter-0" daemon [_thread_blocked, id=5316, stack(0x00000086d0000000,0x00000086d0100000)]

Other Threads:
=>0x0000028024000080 VMThread "VM Thread" [stack: 0x00000086d0900000,0x00000086d0a00000] [id=8328]
  0x00000280242dfd20 WatcherThread [stack: 0x00000086d1500000,0x00000086d1600000] [id=9884]
  0x0000027fb5404370 GCTaskThread "GC Thread#0" [stack: 0x00000086d0400000,0x00000086d0500000] [id=16200]
  0x0000028024c0a0a0 GCTaskThread "GC Thread#1" [stack: 0x00000086d1700000,0x00000086d1800000] [id=32032]
  0x0000028024d18d90 GCTaskThread "GC Thread#2" [stack: 0x00000086d1800000,0x00000086d1900000] [id=21684]
  0x0000028025487f10 GCTaskThread "GC Thread#3" [stack: 0x00000086d1600000,0x00000086d1700000] [id=9132]
  0x00000280262b66b0 GCTaskThread "GC Thread#4" [stack: 0x00000086d1900000,0x00000086d1a00000] [id=20184]
  0x0000028025473950 GCTaskThread "GC Thread#5" [stack: 0x00000086d1a00000,0x00000086d1b00000] [id=12540]
  0x00000280254728d0 GCTaskThread "GC Thread#6" [stack: 0x00000086d1b00000,0x00000086d1c00000] [id=27328]
  0x00000280254733d0 GCTaskThread "GC Thread#7" [stack: 0x00000086d1c00000,0x00000086d1d00000] [id=6576]
  0x0000027fb540e1c0 ConcurrentGCThread "G1 Main Marker" [stack: 0x00000086d0500000,0x00000086d0600000] [id=31968]
  0x0000027fb540ec50 ConcurrentGCThread "G1 Conc#0" [stack: 0x00000086d0600000,0x00000086d0700000] [id=10120]
  0x0000028025471dd0 ConcurrentGCThread "G1 Conc#1" [stack: 0x00000086d1d00000,0x00000086d1e00000] [id=25740]
  0x0000027fdc454a20 ConcurrentGCThread "G1 Refine#0" [stack: 0x00000086d0700000,0x00000086d0800000] [id=17208]
  0x0000027fdc455360 ConcurrentGCThread "G1 Service" [stack: 0x00000086d0800000,0x00000086d0900000] [id=19516]

Threads with active compile tasks:
C1 CompilerThread0  77637 6710       3       java.io.ObjectInputStream$BlockDataInputStream::readUTFBody (192 bytes)

VM state: at safepoint (normal execution)

VM Mutex/Monitor currently owned by a thread:  ([mutex/lock_event])
[0x0000027fb5374a30] Threads_lock - owner thread: 0x0000028024000080
[0x0000027fb5375600] Heap_lock - owner thread: 0x00000280271bc760

Heap address: 0x0000000680000000, size: 6144 MB, Compressed Oops mode: Zero based, Oop shift amount: 3

CDS archive(s) mapped at: [0x0000027fdf000000-0x0000027fdfbb0000-0x0000027fdfbb0000), size 12255232, SharedBaseAddress: 0x0000027fdf000000, ArchiveRelocationMode: 1.
Compressed class space mapped at: 0x0000027fe0000000-0x0000028020000000, reserved size: 1073741824
Narrow klass base: 0x0000027fdf000000, Narrow klass shift: 0, Narrow klass range: 0x100000000

GC Precious Log:
 CPUs: 8 total, 8 available
 Memory: 8044M
 Large Page Support: Disabled
 NUMA Support: Disabled
 Compressed Oops: Enabled (Zero based)
 Heap Region Size: 4M
 Heap Min Capacity: 8M
 Heap Initial Capacity: 128M
 Heap Max Capacity: 6G
 Pre-touch: Disabled
 Parallel Workers: 8
 Concurrent Workers: 2
 Concurrent Refinement Workers: 8
 Periodic GC: Disabled

Heap:
 garbage-first heap   total 1593344K, used 520473K [0x0000000680000000, 0x0000000800000000)
  region size 4096K, 2 young (8192K), 2 survivors (8192K)
 Metaspace       used 85220K, committed 85952K, reserved 1179648K
  class space    used 10487K, committed 10816K, reserved 1048576K

Heap Regions: E=young(eden), S=young(survivor), O=old, HS=humongous(starts), HC=humongous(continues), CS=collection set, F=free, OA=open archive, CA=closed archive, TAMS=top-at-mark-start (previous, next)
|   0|0x0000000680000000, 0x0000000680400000, 0x0000000680400000|100%|HS|  |TAMS 0x0000000680400000, 0x0000000680400000| Complete 
|   1|0x0000000680400000, 0x0000000680800000, 0x0000000680800000|100%| O|  |TAMS 0x0000000680800000, 0x0000000680800000| Untracked 
|   2|0x0000000680800000, 0x0000000680c00000, 0x0000000680c00000|100%| O|  |TAMS 0x0000000680c00000, 0x0000000680c00000| Untracked 
|   3|0x0000000680c00000, 0x0000000681000000, 0x0000000681000000|100%| O|  |TAMS 0x0000000681000000, 0x0000000681000000| Untracked 
|   4|0x0000000681000000, 0x0000000681400000, 0x0000000681400000|100%| O|  |TAMS 0x0000000681400000, 0x0000000681400000| Untracked 
|   5|0x0000000681400000, 0x0000000681800000, 0x0000000681800000|100%| O|  |TAMS 0x0000000681800000, 0x0000000681800000| Untracked 
|   6|0x0000000681800000, 0x0000000681c00000, 0x0000000681c00000|100%| O|  |TAMS 0x0000000681c00000, 0x0000000681c00000| Untracked 
|   7|0x0000000681c00000, 0x0000000682000000, 0x0000000682000000|100%| O|  |TAMS 0x0000000682000000, 0x0000000682000000| Untracked 
|   8|0x0000000682000000, 0x0000000682400000, 0x0000000682400000|100%| O|  |TAMS 0x0000000682400000, 0x0000000682400000| Untracked 
|   9|0x0000000682400000, 0x0000000682800000, 0x0000000682800000|100%| O|  |TAMS 0x0000000682800000, 0x0000000682800000| Untracked 
|  10|0x0000000682800000, 0x0000000682c00000, 0x0000000682c00000|100%|HS|  |TAMS 0x0000000682c00000, 0x0000000682c00000| Complete 
|  11|0x0000000682c00000, 0x0000000683000000, 0x0000000683000000|100%|HC|  |TAMS 0x0000000683000000, 0x0000000683000000| Complete 
|  12|0x0000000683000000, 0x0000000683400000, 0x0000000683400000|100%|HS|  |TAMS 0x0000000683400000, 0x0000000683400000| Complete 
|  13|0x0000000683400000, 0x0000000683800000, 0x0000000683800000|100%|HC|  |TAMS 0x0000000683800000, 0x0000000683800000| Complete 
|  14|0x0000000683800000, 0x0000000683c00000, 0x0000000683c00000|100%|HS|  |TAMS 0x0000000683c00000, 0x0000000683c00000| Complete 
|  15|0x0000000683c00000, 0x0000000684000000, 0x0000000684000000|100%|HC|  |TAMS 0x0000000684000000, 0x0000000684000000| Complete 
|  16|0x0000000684000000, 0x0000000684400000, 0x0000000684400000|100%|HS|  |TAMS 0x0000000684400000, 0x0000000684400000| Complete 
|  17|0x0000000684400000, 0x0000000684800000, 0x0000000684800000|100%|HC|  |TAMS 0x0000000684800000, 0x0000000684800000| Complete 
|  18|0x0000000684800000, 0x0000000684c00000, 0x0000000684c00000|100%| O|  |TAMS 0x0000000684c00000, 0x0000000684c00000| Untracked 
|  19|0x0000000684c00000, 0x0000000685000000, 0x0000000685000000|100%|HS|  |TAMS 0x0000000685000000, 0x0000000685000000| Complete 
|  20|0x0000000685000000, 0x0000000685400000, 0x0000000685400000|100%|HC|  |TAMS 0x0000000685400000, 0x0000000685400000| Complete 
|  21|0x0000000685400000, 0x0000000685800000, 0x0000000685800000|100%|HS|  |TAMS 0x0000000685800000, 0x0000000685800000| Complete 
|  22|0x0000000685800000, 0x0000000685c00000, 0x0000000685c00000|100%|HC|  |TAMS 0x0000000685c00000, 0x0000000685c00000| Complete 
|  23|0x0000000685c00000, 0x0000000686000000, 0x0000000686000000|100%|HS|  |TAMS 0x0000000686000000, 0x0000000686000000| Complete 
|  24|0x0000000686000000, 0x0000000686400000, 0x0000000686400000|100%|HC|  |TAMS 0x0000000686400000, 0x0000000686400000| Complete 
|  25|0x0000000686400000, 0x0000000686800000, 0x0000000686800000|100%|HS|  |TAMS 0x0000000686800000, 0x0000000686800000| Complete 
|  26|0x0000000686800000, 0x0000000686c00000, 0x0000000686c00000|100%|HC|  |TAMS 0x0000000686c00000, 0x0000000686c00000| Complete 
|  27|0x0000000686c00000, 0x0000000687000000, 0x0000000687000000|100%|HS|  |TAMS 0x0000000687000000, 0x0000000687000000| Complete 
|  28|0x0000000687000000, 0x0000000687400000, 0x0000000687400000|100%|HC|  |TAMS 0x0000000687400000, 0x0000000687400000| Complete 
|  29|0x0000000687400000, 0x0000000687800000, 0x0000000687800000|100%|HS|  |TAMS 0x0000000687800000, 0x0000000687800000| Complete 
|  30|0x0000000687800000, 0x0000000687c00000, 0x0000000687c00000|100%|HC|  |TAMS 0x0000000687c00000, 0x0000000687c00000| Complete 
|  31|0x0000000687c00000, 0x0000000688000000, 0x0000000688000000|100%|HS|  |TAMS 0x0000000688000000, 0x0000000688000000| Complete 
|  32|0x0000000688000000, 0x0000000688400000, 0x0000000688400000|100%|HC|  |TAMS 0x0000000688400000, 0x0000000688400000| Complete 
|  33|0x0000000688400000, 0x0000000688800000, 0x0000000688800000|100%|HS|  |TAMS 0x0000000688800000, 0x0000000688800000| Complete 
|  34|0x0000000688800000, 0x0000000688c00000, 0x0000000688c00000|100%|HC|  |TAMS 0x0000000688c00000, 0x0000000688c00000| Complete 
|  35|0x0000000688c00000, 0x0000000689000000, 0x0000000689000000|100%|HS|  |TAMS 0x0000000689000000, 0x0000000689000000| Complete 
|  36|0x0000000689000000, 0x0000000689400000, 0x0000000689400000|100%|HC|  |TAMS 0x0000000689400000, 0x0000000689400000| Complete 
|  37|0x0000000689400000, 0x0000000689800000, 0x0000000689800000|100%|HS|  |TAMS 0x0000000689800000, 0x0000000689800000| Complete 
|  38|0x0000000689800000, 0x0000000689c00000, 0x0000000689c00000|100%|HC|  |TAMS 0x0000000689c00000, 0x0000000689c00000| Complete 
|  39|0x0000000689c00000, 0x000000068a000000, 0x000000068a000000|100%|HS|  |TAMS 0x000000068a000000, 0x000000068a000000| Complete 
|  40|0x000000068a000000, 0x000000068a400000, 0x000000068a400000|100%|HC|  |TAMS 0x000000068a400000, 0x000000068a400000| Complete 
|  41|0x000000068a400000, 0x000000068a800000, 0x000000068a800000|100%|HS|  |TAMS 0x000000068a800000, 0x000000068a800000| Complete 
|  42|0x000000068a800000, 0x000000068ac00000, 0x000000068ac00000|100%|HC|  |TAMS 0x000000068ac00000, 0x000000068ac00000| Complete 
|  43|0x000000068ac00000, 0x000000068b000000, 0x000000068b000000|100%|HS|  |TAMS 0x000000068b000000, 0x000000068b000000| Complete 
|  44|0x000000068b000000, 0x000000068b400000, 0x000000068b400000|100%|HC|  |TAMS 0x000000068b400000, 0x000000068b400000| Complete 
|  45|0x000000068b400000, 0x000000068b800000, 0x000000068b800000|100%|HS|  |TAMS 0x000000068b800000, 0x000000068b800000| Complete 
|  46|0x000000068b800000, 0x000000068bc00000, 0x000000068bc00000|100%|HC|  |TAMS 0x000000068bc00000, 0x000000068bc00000| Complete 
|  47|0x000000068bc00000, 0x000000068c000000, 0x000000068c000000|100%|HS|  |TAMS 0x000000068c000000, 0x000000068c000000| Complete 
|  48|0x000000068c000000, 0x000000068c400000, 0x000000068c400000|100%|HC|  |TAMS 0x000000068c400000, 0x000000068c400000| Complete 
|  49|0x000000068c400000, 0x000000068c800000, 0x000000068c800000|100%|HS|  |TAMS 0x000000068c800000, 0x000000068c800000| Complete 
|  50|0x000000068c800000, 0x000000068cc00000, 0x000000068cc00000|100%|HC|  |TAMS 0x000000068cc00000, 0x000000068cc00000| Complete 
|  51|0x000000068cc00000, 0x000000068d000000, 0x000000068d000000|100%|HS|  |TAMS 0x000000068d000000, 0x000000068d000000| Complete 
|  52|0x000000068d000000, 0x000000068d400000, 0x000000068d400000|100%|HC|  |TAMS 0x000000068d400000, 0x000000068d400000| Complete 
|  53|0x000000068d400000, 0x000000068d800000, 0x000000068d800000|100%|HS|  |TAMS 0x000000068d800000, 0x000000068d800000| Complete 
|  54|0x000000068d800000, 0x000000068dc00000, 0x000000068dc00000|100%|HC|  |TAMS 0x000000068dc00000, 0x000000068dc00000| Complete 
|  55|0x000000068dc00000, 0x000000068e000000, 0x000000068e000000|100%|HC|  |TAMS 0x000000068e000000, 0x000000068e000000| Complete 
|  56|0x000000068e000000, 0x000000068e400000, 0x000000068e400000|100%|HC|  |TAMS 0x000000068e400000, 0x000000068e400000| Complete 
|  57|0x000000068e400000, 0x000000068e800000, 0x000000068e800000|100%|HC|  |TAMS 0x000000068e800000, 0x000000068e800000| Complete 
|  58|0x000000068e800000, 0x000000068ec00000, 0x000000068ec00000|100%|HC|  |TAMS 0x000000068ec00000, 0x000000068ec00000| Complete 
|  59|0x000000068ec00000, 0x000000068f000000, 0x000000068f000000|100%|HC|  |TAMS 0x000000068f000000, 0x000000068f000000| Complete 
|  60|0x000000068f000000, 0x000000068f400000, 0x000000068f400000|100%|HC|  |TAMS 0x000000068f400000, 0x000000068f400000| Complete 
|  61|0x000000068f400000, 0x000000068f800000, 0x000000068f800000|100%|HC|  |TAMS 0x000000068f800000, 0x000000068f800000| Complete 
|  62|0x000000068f800000, 0x000000068fc00000, 0x000000068fc00000|100%|HC|  |TAMS 0x000000068fc00000, 0x000000068fc00000| Complete 
|  63|0x000000068fc00000, 0x0000000690000000, 0x0000000690000000|100%|HC|  |TAMS 0x0000000690000000, 0x0000000690000000| Complete 
|  64|0x0000000690000000, 0x0000000690400000, 0x0000000690400000|100%|HC|  |TAMS 0x0000000690400000, 0x0000000690400000| Complete 
|  65|0x0000000690400000, 0x0000000690800000, 0x0000000690800000|100%|HC|  |TAMS 0x0000000690800000, 0x0000000690800000| Complete 
|  66|0x0000000690800000, 0x0000000690c00000, 0x0000000690c00000|100%|HC|  |TAMS 0x0000000690c00000, 0x0000000690c00000| Complete 
|  67|0x0000000690c00000, 0x0000000691000000, 0x0000000691000000|100%|HC|  |TAMS 0x0000000691000000, 0x0000000691000000| Complete 
|  68|0x0000000691000000, 0x0000000691400000, 0x0000000691400000|100%|HC|  |TAMS 0x0000000691400000, 0x0000000691400000| Complete 
|  69|0x0000000691400000, 0x0000000691800000, 0x0000000691800000|100%|HC|  |TAMS 0x0000000691800000, 0x0000000691800000| Complete 
|  70|0x0000000691800000, 0x0000000691c00000, 0x0000000691c00000|100%|HC|  |TAMS 0x0000000691c00000, 0x0000000691c00000| Complete 
|  71|0x0000000691c00000, 0x0000000692000000, 0x0000000692000000|100%|HC|  |TAMS 0x0000000692000000, 0x0000000692000000| Complete 
|  72|0x0000000692000000, 0x0000000692400000, 0x0000000692400000|100%|HC|  |TAMS 0x0000000692400000, 0x0000000692400000| Complete 
|  73|0x0000000692400000, 0x0000000692800000, 0x0000000692800000|100%|HC|  |TAMS 0x0000000692800000, 0x0000000692800000| Complete 
|  74|0x0000000692800000, 0x0000000692c00000, 0x0000000692c00000|100%|HC|  |TAMS 0x0000000692c00000, 0x0000000692c00000| Complete 
|  75|0x0000000692c00000, 0x0000000693000000, 0x0000000693000000|100%|HC|  |TAMS 0x0000000693000000, 0x0000000693000000| Complete 
|  76|0x0000000693000000, 0x0000000693400000, 0x0000000693400000|100%|HC|  |TAMS 0x0000000693400000, 0x0000000693400000| Complete 
|  77|0x0000000693400000, 0x0000000693800000, 0x0000000693800000|100%|HC|  |TAMS 0x0000000693800000, 0x0000000693800000| Complete 
|  78|0x0000000693800000, 0x0000000693c00000, 0x0000000693c00000|100%|HC|  |TAMS 0x0000000693c00000, 0x0000000693c00000| Complete 
|  79|0x0000000693c00000, 0x0000000694000000, 0x0000000694000000|100%|HC|  |TAMS 0x0000000694000000, 0x0000000694000000| Complete 
|  80|0x0000000694000000, 0x0000000694400000, 0x0000000694400000|100%|HC|  |TAMS 0x0000000694400000, 0x0000000694400000| Complete 
|  81|0x0000000694400000, 0x0000000694800000, 0x0000000694800000|100%|HC|  |TAMS 0x0000000694800000, 0x0000000694800000| Complete 
|  82|0x0000000694800000, 0x0000000694c00000, 0x0000000694c00000|100%|HC|  |TAMS 0x0000000694c00000, 0x0000000694c00000| Complete 
|  83|0x0000000694c00000, 0x0000000695000000, 0x0000000695000000|100%|HC|  |TAMS 0x0000000695000000, 0x0000000695000000| Complete 
|  84|0x0000000695000000, 0x0000000695400000, 0x0000000695400000|100%|HC|  |TAMS 0x0000000695400000, 0x0000000695400000| Complete 
|  85|0x0000000695400000, 0x0000000695800000, 0x0000000695800000|100%|HC|  |TAMS 0x0000000695800000, 0x0000000695800000| Complete 
|  86|0x0000000695800000, 0x0000000695c00000, 0x0000000695c00000|100%|HC|  |TAMS 0x0000000695c00000, 0x0000000695c00000| Complete 
|  87|0x0000000695c00000, 0x0000000696000000, 0x0000000696000000|100%|HC|  |TAMS 0x0000000696000000, 0x0000000696000000| Complete 
|  88|0x0000000696000000, 0x0000000696400000, 0x0000000696400000|100%|HC|  |TAMS 0x0000000696400000, 0x0000000696400000| Complete 
|  89|0x0000000696400000, 0x00000006967bfa00, 0x0000000696800000| 93%| O|  |TAMS 0x00000006967bfa00, 0x00000006967bfa00| Untracked 
|  90|0x0000000696800000, 0x0000000696800000, 0x0000000696c00000|  0%| F|  |TAMS 0x0000000696800000, 0x0000000696800000| Untracked 
|  91|0x0000000696c00000, 0x0000000696c00000, 0x0000000697000000|  0%| F|  |TAMS 0x0000000696c00000, 0x0000000696c00000| Untracked 
|  92|0x0000000697000000, 0x0000000697000000, 0x0000000697400000|  0%| F|  |TAMS 0x0000000697000000, 0x0000000697000000| Untracked 
|  93|0x0000000697400000, 0x0000000697400000, 0x0000000697800000|  0%| F|  |TAMS 0x0000000697400000, 0x0000000697400000| Untracked 
|  94|0x0000000697800000, 0x0000000697800000, 0x0000000697c00000|  0%| F|  |TAMS 0x0000000697800000, 0x0000000697800000| Untracked 
|  95|0x0000000697c00000, 0x0000000697c00000, 0x0000000698000000|  0%| F|  |TAMS 0x0000000697c00000, 0x0000000697c00000| Untracked 
|  96|0x0000000698000000, 0x0000000698000000, 0x0000000698400000|  0%| F|  |TAMS 0x0000000698000000, 0x0000000698000000| Untracked 
|  97|0x0000000698400000, 0x0000000698400000, 0x0000000698800000|  0%| F|  |TAMS 0x0000000698400000, 0x0000000698400000| Untracked 
|  98|0x0000000698800000, 0x0000000698800000, 0x0000000698c00000|  0%| F|  |TAMS 0x0000000698800000, 0x0000000698800000| Untracked 
|  99|0x0000000698c00000, 0x0000000698c00000, 0x0000000699000000|  0%| F|  |TAMS 0x0000000698c00000, 0x0000000698c00000| Untracked 
| 100|0x0000000699000000, 0x0000000699000000, 0x0000000699400000|  0%| F|  |TAMS 0x0000000699000000, 0x0000000699000000| Untracked 
| 101|0x0000000699400000, 0x0000000699400000, 0x0000000699800000|  0%| F|  |TAMS 0x0000000699400000, 0x0000000699400000| Untracked 
| 102|0x0000000699800000, 0x0000000699800000, 0x0000000699c00000|  0%| F|  |TAMS 0x0000000699800000, 0x0000000699800000| Untracked 
| 103|0x0000000699c00000, 0x0000000699c00000, 0x000000069a000000|  0%| F|  |TAMS 0x0000000699c00000, 0x0000000699c00000| Untracked 
| 104|0x000000069a000000, 0x000000069a000000, 0x000000069a400000|  0%| F|  |TAMS 0x000000069a000000, 0x000000069a000000| Untracked 
| 105|0x000000069a400000, 0x000000069a400000, 0x000000069a800000|  0%| F|  |TAMS 0x000000069a400000, 0x000000069a400000| Untracked 
| 106|0x000000069a800000, 0x000000069a800000, 0x000000069ac00000|  0%| F|  |TAMS 0x000000069a800000, 0x000000069a800000| Untracked 
| 107|0x000000069ac00000, 0x000000069ac00000, 0x000000069b000000|  0%| F|  |TAMS 0x000000069ac00000, 0x000000069ac00000| Untracked 
| 108|0x000000069b000000, 0x000000069b000000, 0x000000069b400000|  0%| F|  |TAMS 0x000000069b000000, 0x000000069b000000| Untracked 
| 109|0x000000069b400000, 0x000000069b400000, 0x000000069b800000|  0%| F|  |TAMS 0x000000069b400000, 0x000000069b400000| Untracked 
| 110|0x000000069b800000, 0x000000069b800000, 0x000000069bc00000|  0%| F|  |TAMS 0x000000069b800000, 0x000000069b800000| Untracked 
| 111|0x000000069bc00000, 0x000000069bc00000, 0x000000069c000000|  0%| F|  |TAMS 0x000000069bc00000, 0x000000069bc00000| Untracked 
| 112|0x000000069c000000, 0x000000069c000000, 0x000000069c400000|  0%| F|  |TAMS 0x000000069c000000, 0x000000069c000000| Untracked 
| 113|0x000000069c400000, 0x000000069c400000, 0x000000069c800000|  0%| F|  |TAMS 0x000000069c400000, 0x000000069c400000| Untracked 
| 114|0x000000069c800000, 0x000000069c800000, 0x000000069cc00000|  0%| F|  |TAMS 0x000000069c800000, 0x000000069c800000| Untracked 
| 115|0x000000069cc00000, 0x000000069cc00000, 0x000000069d000000|  0%| F|  |TAMS 0x000000069cc00000, 0x000000069cc00000| Untracked 
| 116|0x000000069d000000, 0x000000069d000000, 0x000000069d400000|  0%| F|  |TAMS 0x000000069d000000, 0x000000069d000000| Untracked 
| 117|0x000000069d400000, 0x000000069d400000, 0x000000069d800000|  0%| F|  |TAMS 0x000000069d400000, 0x000000069d400000| Untracked 
| 118|0x000000069d800000, 0x000000069d800000, 0x000000069dc00000|  0%| F|  |TAMS 0x000000069d800000, 0x000000069d800000| Untracked 
| 119|0x000000069dc00000, 0x000000069e000000, 0x000000069e000000|100%|HS|  |TAMS 0x000000069e000000, 0x000000069e000000| Complete 
| 120|0x000000069e000000, 0x000000069e400000, 0x000000069e400000|100%|HC|  |TAMS 0x000000069e400000, 0x000000069e400000| Complete 
| 121|0x000000069e400000, 0x000000069e800000, 0x000000069e800000|100%|HC|  |TAMS 0x000000069e800000, 0x000000069e800000| Complete 
| 122|0x000000069e800000, 0x000000069ec00000, 0x000000069ec00000|100%|HC|  |TAMS 0x000000069ec00000, 0x000000069ec00000| Complete 
| 123|0x000000069ec00000, 0x000000069f000000, 0x000000069f000000|100%|HC|  |TAMS 0x000000069f000000, 0x000000069f000000| Complete 
| 124|0x000000069f000000, 0x000000069f400000, 0x000000069f400000|100%|HC|  |TAMS 0x000000069f400000, 0x000000069f400000| Complete 
| 125|0x000000069f400000, 0x000000069f800000, 0x000000069f800000|100%|HC|  |TAMS 0x000000069f800000, 0x000000069f800000| Complete 
| 126|0x000000069f800000, 0x000000069fc00000, 0x000000069fc00000|100%|HC|  |TAMS 0x000000069fc00000, 0x000000069fc00000| Complete 
| 127|0x000000069fc00000, 0x00000006a0000000, 0x00000006a0000000|100%|HC|  |TAMS 0x00000006a0000000, 0x00000006a0000000| Complete 
| 128|0x00000006a0000000, 0x00000006a0400000, 0x00000006a0400000|100%|HC|  |TAMS 0x00000006a0400000, 0x00000006a0400000| Complete 
| 129|0x00000006a0400000, 0x00000006a0800000, 0x00000006a0800000|100%|HC|  |TAMS 0x00000006a0800000, 0x00000006a0800000| Complete 
| 130|0x00000006a0800000, 0x00000006a0c00000, 0x00000006a0c00000|100%|HC|  |TAMS 0x00000006a0c00000, 0x00000006a0c00000| Complete 
| 131|0x00000006a0c00000, 0x00000006a1000000, 0x00000006a1000000|100%|HC|  |TAMS 0x00000006a1000000, 0x00000006a1000000| Complete 
| 132|0x00000006a1000000, 0x00000006a1400000, 0x00000006a1400000|100%|HC|  |TAMS 0x00000006a1400000, 0x00000006a1400000| Complete 
| 133|0x00000006a1400000, 0x00000006a1800000, 0x00000006a1800000|100%|HC|  |TAMS 0x00000006a1800000, 0x00000006a1800000| Complete 
| 134|0x00000006a1800000, 0x00000006a1c00000, 0x00000006a1c00000|100%|HC|  |TAMS 0x00000006a1c00000, 0x00000006a1c00000| Complete 
| 135|0x00000006a1c00000, 0x00000006a2000000, 0x00000006a2000000|100%|HC|  |TAMS 0x00000006a2000000, 0x00000006a2000000| Complete 
| 136|0x00000006a2000000, 0x00000006a2400000, 0x00000006a2400000|100%|HC|  |TAMS 0x00000006a2400000, 0x00000006a2400000| Complete 
| 137|0x00000006a2400000, 0x00000006a2800000, 0x00000006a2800000|100%|HC|  |TAMS 0x00000006a2800000, 0x00000006a2800000| Complete 
| 138|0x00000006a2800000, 0x00000006a2c00000, 0x00000006a2c00000|100%|HC|  |TAMS 0x00000006a2c00000, 0x00000006a2c00000| Complete 
| 139|0x00000006a2c00000, 0x00000006a3000000, 0x00000006a3000000|100%|HC|  |TAMS 0x00000006a3000000, 0x00000006a3000000| Complete 
| 140|0x00000006a3000000, 0x00000006a3400000, 0x00000006a3400000|100%|HC|  |TAMS 0x00000006a3400000, 0x00000006a3400000| Complete 
| 141|0x00000006a3400000, 0x00000006a3800000, 0x00000006a3800000|100%|HC|  |TAMS 0x00000006a3800000, 0x00000006a3800000| Complete 
| 142|0x00000006a3800000, 0x00000006a3c00000, 0x00000006a3c00000|100%|HC|  |TAMS 0x00000006a3c00000, 0x00000006a3c00000| Complete 
| 143|0x00000006a3c00000, 0x00000006a4000000, 0x00000006a4000000|100%|HC|  |TAMS 0x00000006a4000000, 0x00000006a4000000| Complete 
| 144|0x00000006a4000000, 0x00000006a4400000, 0x00000006a4400000|100%|HC|  |TAMS 0x00000006a4400000, 0x00000006a4400000| Complete 
| 145|0x00000006a4400000, 0x00000006a4800000, 0x00000006a4800000|100%|HC|  |TAMS 0x00000006a4800000, 0x00000006a4800000| Complete 
| 146|0x00000006a4800000, 0x00000006a4c00000, 0x00000006a4c00000|100%|HC|  |TAMS 0x00000006a4c00000, 0x00000006a4c00000| Complete 
| 147|0x00000006a4c00000, 0x00000006a5000000, 0x00000006a5000000|100%|HC|  |TAMS 0x00000006a5000000, 0x00000006a5000000| Complete 
| 148|0x00000006a5000000, 0x00000006a5400000, 0x00000006a5400000|100%|HC|  |TAMS 0x00000006a5400000, 0x00000006a5400000| Complete 
| 149|0x00000006a5400000, 0x00000006a5800000, 0x00000006a5800000|100%|HC|  |TAMS 0x00000006a5800000, 0x00000006a5800000| Complete 
| 150|0x00000006a5800000, 0x00000006a5c00000, 0x00000006a5c00000|100%|HC|  |TAMS 0x00000006a5c00000, 0x00000006a5c00000| Complete 
| 151|0x00000006a5c00000, 0x00000006a6000000, 0x00000006a6000000|100%|HC|  |TAMS 0x00000006a6000000, 0x00000006a6000000| Complete 
| 152|0x00000006a6000000, 0x00000006a6400000, 0x00000006a6400000|100%|HC|  |TAMS 0x00000006a6400000, 0x00000006a6400000| Complete 
| 153|0x00000006a6400000, 0x00000006a6800000, 0x00000006a6800000|100%|HC|  |TAMS 0x00000006a6800000, 0x00000006a6800000| Complete 
| 154|0x00000006a6800000, 0x00000006a6c00000, 0x00000006a6c00000|100%|HC|  |TAMS 0x00000006a6c00000, 0x00000006a6c00000| Complete 
| 155|0x00000006a6c00000, 0x00000006a6c00000, 0x00000006a7000000|  0%| F|  |TAMS 0x00000006a6c00000, 0x00000006a6c00000| Untracked 
| 156|0x00000006a7000000, 0x00000006a7000000, 0x00000006a7400000|  0%| F|  |TAMS 0x00000006a7000000, 0x00000006a7000000| Untracked 
| 157|0x00000006a7400000, 0x00000006a7400000, 0x00000006a7800000|  0%| F|  |TAMS 0x00000006a7400000, 0x00000006a7400000| Untracked 
| 158|0x00000006a7800000, 0x00000006a7800000, 0x00000006a7c00000|  0%| F|  |TAMS 0x00000006a7800000, 0x00000006a7800000| Untracked 
| 159|0x00000006a7c00000, 0x00000006a7c00000, 0x00000006a8000000|  0%| F|  |TAMS 0x00000006a7c00000, 0x00000006a7c00000| Untracked 
| 160|0x00000006a8000000, 0x00000006a8000000, 0x00000006a8400000|  0%| F|  |TAMS 0x00000006a8000000, 0x00000006a8000000| Untracked 
| 161|0x00000006a8400000, 0x00000006a8400000, 0x00000006a8800000|  0%| F|  |TAMS 0x00000006a8400000, 0x00000006a8400000| Untracked 
| 162|0x00000006a8800000, 0x00000006a8800000, 0x00000006a8c00000|  0%| F|  |TAMS 0x00000006a8800000, 0x00000006a8800000| Untracked 
| 163|0x00000006a8c00000, 0x00000006a8c00000, 0x00000006a9000000|  0%| F|  |TAMS 0x00000006a8c00000, 0x00000006a8c00000| Untracked 
| 164|0x00000006a9000000, 0x00000006a9000000, 0x00000006a9400000|  0%| F|  |TAMS 0x00000006a9000000, 0x00000006a9000000| Untracked 
| 165|0x00000006a9400000, 0x00000006a9400000, 0x00000006a9800000|  0%| F|  |TAMS 0x00000006a9400000, 0x00000006a9400000| Untracked 
| 166|0x00000006a9800000, 0x00000006a9800000, 0x00000006a9c00000|  0%| F|  |TAMS 0x00000006a9800000, 0x00000006a9800000| Untracked 
| 167|0x00000006a9c00000, 0x00000006a9c00000, 0x00000006aa000000|  0%| F|  |TAMS 0x00000006a9c00000, 0x00000006a9c00000| Untracked 
| 168|0x00000006aa000000, 0x00000006aa000000, 0x00000006aa400000|  0%| F|  |TAMS 0x00000006aa000000, 0x00000006aa000000| Untracked 
| 169|0x00000006aa400000, 0x00000006aa400000, 0x00000006aa800000|  0%| F|  |TAMS 0x00000006aa400000, 0x00000006aa400000| Untracked 
| 170|0x00000006aa800000, 0x00000006aa800000, 0x00000006aac00000|  0%| F|  |TAMS 0x00000006aa800000, 0x00000006aa800000| Untracked 
| 171|0x00000006aac00000, 0x00000006aac00000, 0x00000006ab000000|  0%| F|  |TAMS 0x00000006aac00000, 0x00000006aac00000| Untracked 
| 172|0x00000006ab000000, 0x00000006ab000000, 0x00000006ab400000|  0%| F|  |TAMS 0x00000006ab000000, 0x00000006ab000000| Untracked 
| 173|0x00000006ab400000, 0x00000006ab400000, 0x00000006ab800000|  0%| F|  |TAMS 0x00000006ab400000, 0x00000006ab400000| Untracked 
| 174|0x00000006ab800000, 0x00000006ab800000, 0x00000006abc00000|  0%| F|  |TAMS 0x00000006ab800000, 0x00000006ab800000| Untracked 
| 175|0x00000006abc00000, 0x00000006abc00000, 0x00000006ac000000|  0%| F|  |TAMS 0x00000006abc00000, 0x00000006abc00000| Untracked 
| 176|0x00000006ac000000, 0x00000006ac000000, 0x00000006ac400000|  0%| F|  |TAMS 0x00000006ac000000, 0x00000006ac000000| Untracked 
| 177|0x00000006ac400000, 0x00000006ac400000, 0x00000006ac800000|  0%| F|  |TAMS 0x00000006ac400000, 0x00000006ac400000| Untracked 
| 178|0x00000006ac800000, 0x00000006ac800000, 0x00000006acc00000|  0%| F|  |TAMS 0x00000006ac800000, 0x00000006ac800000| Untracked 
| 179|0x00000006acc00000, 0x00000006acc00000, 0x00000006ad000000|  0%| F|  |TAMS 0x00000006acc00000, 0x00000006acc00000| Untracked 
| 180|0x00000006ad000000, 0x00000006ad000000, 0x00000006ad400000|  0%| F|  |TAMS 0x00000006ad000000, 0x00000006ad000000| Untracked 
| 181|0x00000006ad400000, 0x00000006ad400000, 0x00000006ad800000|  0%| F|  |TAMS 0x00000006ad400000, 0x00000006ad400000| Untracked 
| 182|0x00000006ad800000, 0x00000006ad800000, 0x00000006adc00000|  0%| F|  |TAMS 0x00000006ad800000, 0x00000006ad800000| Untracked 
| 183|0x00000006adc00000, 0x00000006adc00000, 0x00000006ae000000|  0%| F|  |TAMS 0x00000006adc00000, 0x00000006adc00000| Untracked 
| 184|0x00000006ae000000, 0x00000006ae000000, 0x00000006ae400000|  0%| F|  |TAMS 0x00000006ae000000, 0x00000006ae000000| Untracked 
| 185|0x00000006ae400000, 0x00000006ae400000, 0x00000006ae800000|  0%| F|  |TAMS 0x00000006ae400000, 0x00000006ae400000| Untracked 
| 186|0x00000006ae800000, 0x00000006ae800000, 0x00000006aec00000|  0%| F|  |TAMS 0x00000006ae800000, 0x00000006ae800000| Untracked 
| 187|0x00000006aec00000, 0x00000006aec00000, 0x00000006af000000|  0%| F|  |TAMS 0x00000006aec00000, 0x00000006aec00000| Untracked 
| 188|0x00000006af000000, 0x00000006af000000, 0x00000006af400000|  0%| F|  |TAMS 0x00000006af000000, 0x00000006af000000| Untracked 
| 189|0x00000006af400000, 0x00000006af400000, 0x00000006af800000|  0%| F|  |TAMS 0x00000006af400000, 0x00000006af400000| Untracked 
| 190|0x00000006af800000, 0x00000006af800000, 0x00000006afc00000|  0%| F|  |TAMS 0x00000006af800000, 0x00000006af800000| Untracked 
| 191|0x00000006afc00000, 0x00000006afc00000, 0x00000006b0000000|  0%| F|  |TAMS 0x00000006afc00000, 0x00000006afc00000| Untracked 
| 192|0x00000006b0000000, 0x00000006b0000000, 0x00000006b0400000|  0%| F|  |TAMS 0x00000006b0000000, 0x00000006b0000000| Untracked 
| 193|0x00000006b0400000, 0x00000006b0400000, 0x00000006b0800000|  0%| F|  |TAMS 0x00000006b0400000, 0x00000006b0400000| Untracked 
| 194|0x00000006b0800000, 0x00000006b0800000, 0x00000006b0c00000|  0%| F|  |TAMS 0x00000006b0800000, 0x00000006b0800000| Untracked 
| 195|0x00000006b0c00000, 0x00000006b0c00000, 0x00000006b1000000|  0%| F|  |TAMS 0x00000006b0c00000, 0x00000006b0c00000| Untracked 
| 196|0x00000006b1000000, 0x00000006b1000000, 0x00000006b1400000|  0%| F|  |TAMS 0x00000006b1000000, 0x00000006b1000000| Untracked 
| 197|0x00000006b1400000, 0x00000006b1400000, 0x00000006b1800000|  0%| F|  |TAMS 0x00000006b1400000, 0x00000006b1400000| Untracked 
| 198|0x00000006b1800000, 0x00000006b1800000, 0x00000006b1c00000|  0%| F|  |TAMS 0x00000006b1800000, 0x00000006b1800000| Untracked 
| 199|0x00000006b1c00000, 0x00000006b1c00000, 0x00000006b2000000|  0%| F|  |TAMS 0x00000006b1c00000, 0x00000006b1c00000| Untracked 
| 200|0x00000006b2000000, 0x00000006b2000000, 0x00000006b2400000|  0%| F|  |TAMS 0x00000006b2000000, 0x00000006b2000000| Untracked 
| 201|0x00000006b2400000, 0x00000006b2400000, 0x00000006b2800000|  0%| F|  |TAMS 0x00000006b2400000, 0x00000006b2400000| Untracked 
| 202|0x00000006b2800000, 0x00000006b2800000, 0x00000006b2c00000|  0%| F|  |TAMS 0x00000006b2800000, 0x00000006b2800000| Untracked 
| 203|0x00000006b2c00000, 0x00000006b2c00000, 0x00000006b3000000|  0%| F|  |TAMS 0x00000006b2c00000, 0x00000006b2c00000| Untracked 
| 204|0x00000006b3000000, 0x00000006b3000000, 0x00000006b3400000|  0%| F|  |TAMS 0x00000006b3000000, 0x00000006b3000000| Untracked 
| 205|0x00000006b3400000, 0x00000006b3400000, 0x00000006b3800000|  0%| F|  |TAMS 0x00000006b3400000, 0x00000006b3400000| Untracked 
| 206|0x00000006b3800000, 0x00000006b3800000, 0x00000006b3c00000|  0%| F|  |TAMS 0x00000006b3800000, 0x00000006b3800000| Untracked 
| 207|0x00000006b3c00000, 0x00000006b3c00000, 0x00000006b4000000|  0%| F|  |TAMS 0x00000006b3c00000, 0x00000006b3c00000| Untracked 
| 208|0x00000006b4000000, 0x00000006b4000000, 0x00000006b4400000|  0%| F|  |TAMS 0x00000006b4000000, 0x00000006b4000000| Untracked 
| 209|0x00000006b4400000, 0x00000006b4400000, 0x00000006b4800000|  0%| F|  |TAMS 0x00000006b4400000, 0x00000006b4400000| Untracked 
| 210|0x00000006b4800000, 0x00000006b4800000, 0x00000006b4c00000|  0%| F|  |TAMS 0x00000006b4800000, 0x00000006b4800000| Untracked 
| 211|0x00000006b4c00000, 0x00000006b4c00000, 0x00000006b5000000|  0%| F|  |TAMS 0x00000006b4c00000, 0x00000006b4c00000| Untracked 
| 212|0x00000006b5000000, 0x00000006b5000000, 0x00000006b5400000|  0%| F|  |TAMS 0x00000006b5000000, 0x00000006b5000000| Untracked 
| 213|0x00000006b5400000, 0x00000006b5400000, 0x00000006b5800000|  0%| F|  |TAMS 0x00000006b5400000, 0x00000006b5400000| Untracked 
| 214|0x00000006b5800000, 0x00000006b5800000, 0x00000006b5c00000|  0%| F|  |TAMS 0x00000006b5800000, 0x00000006b5800000| Untracked 
| 215|0x00000006b5c00000, 0x00000006b5c00000, 0x00000006b6000000|  0%| F|  |TAMS 0x00000006b5c00000, 0x00000006b5c00000| Untracked 
| 216|0x00000006b6000000, 0x00000006b6000000, 0x00000006b6400000|  0%| F|  |TAMS 0x00000006b6000000, 0x00000006b6000000| Untracked 
| 217|0x00000006b6400000, 0x00000006b6400000, 0x00000006b6800000|  0%| F|  |TAMS 0x00000006b6400000, 0x00000006b6400000| Untracked 
| 218|0x00000006b6800000, 0x00000006b6800000, 0x00000006b6c00000|  0%| F|  |TAMS 0x00000006b6800000, 0x00000006b6800000| Untracked 
| 219|0x00000006b6c00000, 0x00000006b6c00000, 0x00000006b7000000|  0%| F|  |TAMS 0x00000006b6c00000, 0x00000006b6c00000| Untracked 
| 220|0x00000006b7000000, 0x00000006b7000000, 0x00000006b7400000|  0%| F|  |TAMS 0x00000006b7000000, 0x00000006b7000000| Untracked 
| 221|0x00000006b7400000, 0x00000006b7400000, 0x00000006b7800000|  0%| F|  |TAMS 0x00000006b7400000, 0x00000006b7400000| Untracked 
| 222|0x00000006b7800000, 0x00000006b7800000, 0x00000006b7c00000|  0%| F|  |TAMS 0x00000006b7800000, 0x00000006b7800000| Untracked 
| 223|0x00000006b7c00000, 0x00000006b7c00000, 0x00000006b8000000|  0%| F|  |TAMS 0x00000006b7c00000, 0x00000006b7c00000| Untracked 
| 224|0x00000006b8000000, 0x00000006b8000000, 0x00000006b8400000|  0%| F|  |TAMS 0x00000006b8000000, 0x00000006b8000000| Untracked 
| 225|0x00000006b8400000, 0x00000006b8400000, 0x00000006b8800000|  0%| F|  |TAMS 0x00000006b8400000, 0x00000006b8400000| Untracked 
| 226|0x00000006b8800000, 0x00000006b8800000, 0x00000006b8c00000|  0%| F|  |TAMS 0x00000006b8800000, 0x00000006b8800000| Untracked 
| 227|0x00000006b8c00000, 0x00000006b8c00000, 0x00000006b9000000|  0%| F|  |TAMS 0x00000006b8c00000, 0x00000006b8c00000| Untracked 
| 228|0x00000006b9000000, 0x00000006b9000000, 0x00000006b9400000|  0%| F|  |TAMS 0x00000006b9000000, 0x00000006b9000000| Untracked 
| 229|0x00000006b9400000, 0x00000006b9400000, 0x00000006b9800000|  0%| F|  |TAMS 0x00000006b9400000, 0x00000006b9400000| Untracked 
| 230|0x00000006b9800000, 0x00000006b9800000, 0x00000006b9c00000|  0%| F|  |TAMS 0x00000006b9800000, 0x00000006b9800000| Untracked 
| 231|0x00000006b9c00000, 0x00000006b9c00000, 0x00000006ba000000|  0%| F|  |TAMS 0x00000006b9c00000, 0x00000006b9c00000| Untracked 
| 232|0x00000006ba000000, 0x00000006ba000000, 0x00000006ba400000|  0%| F|  |TAMS 0x00000006ba000000, 0x00000006ba000000| Untracked 
| 233|0x00000006ba400000, 0x00000006ba400000, 0x00000006ba800000|  0%| F|  |TAMS 0x00000006ba400000, 0x00000006ba400000| Untracked 
| 234|0x00000006ba800000, 0x00000006ba800000, 0x00000006bac00000|  0%| F|  |TAMS 0x00000006ba800000, 0x00000006ba800000| Untracked 
| 235|0x00000006bac00000, 0x00000006bac00000, 0x00000006bb000000|  0%| F|  |TAMS 0x00000006bac00000, 0x00000006bac00000| Untracked 
| 236|0x00000006bb000000, 0x00000006bb000000, 0x00000006bb400000|  0%| F|  |TAMS 0x00000006bb000000, 0x00000006bb000000| Untracked 
| 237|0x00000006bb400000, 0x00000006bb400000, 0x00000006bb800000|  0%| F|  |TAMS 0x00000006bb400000, 0x00000006bb400000| Untracked 
| 238|0x00000006bb800000, 0x00000006bb800000, 0x00000006bbc00000|  0%| F|  |TAMS 0x00000006bb800000, 0x00000006bb800000| Untracked 
| 239|0x00000006bbc00000, 0x00000006bbc00000, 0x00000006bc000000|  0%| F|  |TAMS 0x00000006bbc00000, 0x00000006bbc00000| Untracked 
| 240|0x00000006bc000000, 0x00000006bc000000, 0x00000006bc400000|  0%| F|  |TAMS 0x00000006bc000000, 0x00000006bc000000| Untracked 
| 241|0x00000006bc400000, 0x00000006bc400000, 0x00000006bc800000|  0%| F|  |TAMS 0x00000006bc400000, 0x00000006bc400000| Untracked 
| 242|0x00000006bc800000, 0x00000006bc800000, 0x00000006bcc00000|  0%| F|  |TAMS 0x00000006bc800000, 0x00000006bc800000| Untracked 
| 243|0x00000006bcc00000, 0x00000006bcc00000, 0x00000006bd000000|  0%| F|  |TAMS 0x00000006bcc00000, 0x00000006bcc00000| Untracked 
| 244|0x00000006bd000000, 0x00000006bd000000, 0x00000006bd400000|  0%| F|  |TAMS 0x00000006bd000000, 0x00000006bd000000| Untracked 
| 245|0x00000006bd400000, 0x00000006bd400000, 0x00000006bd800000|  0%| F|  |TAMS 0x00000006bd400000, 0x00000006bd400000| Untracked 
| 246|0x00000006bd800000, 0x00000006bd800000, 0x00000006bdc00000|  0%| F|  |TAMS 0x00000006bd800000, 0x00000006bd800000| Untracked 
| 247|0x00000006bdc00000, 0x00000006bdc00000, 0x00000006be000000|  0%| F|  |TAMS 0x00000006bdc00000, 0x00000006bdc00000| Untracked 
| 248|0x00000006be000000, 0x00000006be000000, 0x00000006be400000|  0%| F|  |TAMS 0x00000006be000000, 0x00000006be000000| Untracked 
| 249|0x00000006be400000, 0x00000006be400000, 0x00000006be800000|  0%| F|  |TAMS 0x00000006be400000, 0x00000006be400000| Untracked 
| 250|0x00000006be800000, 0x00000006be800000, 0x00000006bec00000|  0%| F|  |TAMS 0x00000006be800000, 0x00000006be800000| Untracked 
| 251|0x00000006bec00000, 0x00000006bec00000, 0x00000006bf000000|  0%| F|  |TAMS 0x00000006bec00000, 0x00000006bec00000| Untracked 
| 252|0x00000006bf000000, 0x00000006bf000000, 0x00000006bf400000|  0%| F|  |TAMS 0x00000006bf000000, 0x00000006bf000000| Untracked 
| 253|0x00000006bf400000, 0x00000006bf400000, 0x00000006bf800000|  0%| F|  |TAMS 0x00000006bf400000, 0x00000006bf400000| Untracked 
| 254|0x00000006bf800000, 0x00000006bf800000, 0x00000006bfc00000|  0%| F|  |TAMS 0x00000006bf800000, 0x00000006bf800000| Untracked 
| 255|0x00000006bfc00000, 0x00000006bfc00000, 0x00000006c0000000|  0%| F|  |TAMS 0x00000006bfc00000, 0x00000006bfc00000| Untracked 
| 256|0x00000006c0000000, 0x00000006c0000000, 0x00000006c0400000|  0%| F|  |TAMS 0x00000006c0000000, 0x00000006c0000000| Untracked 
| 257|0x00000006c0400000, 0x00000006c0400000, 0x00000006c0800000|  0%| F|  |TAMS 0x00000006c0400000, 0x00000006c0400000| Untracked 
| 258|0x00000006c0800000, 0x00000006c0800000, 0x00000006c0c00000|  0%| F|  |TAMS 0x00000006c0800000, 0x00000006c0800000| Untracked 
| 259|0x00000006c0c00000, 0x00000006c0c00000, 0x00000006c1000000|  0%| F|  |TAMS 0x00000006c0c00000, 0x00000006c0c00000| Untracked 
| 260|0x00000006c1000000, 0x00000006c1000000, 0x00000006c1400000|  0%| F|  |TAMS 0x00000006c1000000, 0x00000006c1000000| Untracked 
| 261|0x00000006c1400000, 0x00000006c1400000, 0x00000006c1800000|  0%| F|  |TAMS 0x00000006c1400000, 0x00000006c1400000| Untracked 
| 262|0x00000006c1800000, 0x00000006c1800000, 0x00000006c1c00000|  0%| F|  |TAMS 0x00000006c1800000, 0x00000006c1800000| Untracked 
| 263|0x00000006c1c00000, 0x00000006c1c00000, 0x00000006c2000000|  0%| F|  |TAMS 0x00000006c1c00000, 0x00000006c1c00000| Untracked 
| 264|0x00000006c2000000, 0x00000006c2000000, 0x00000006c2400000|  0%| F|  |TAMS 0x00000006c2000000, 0x00000006c2000000| Untracked 
| 265|0x00000006c2400000, 0x00000006c2400000, 0x00000006c2800000|  0%| F|  |TAMS 0x00000006c2400000, 0x00000006c2400000| Untracked 
| 266|0x00000006c2800000, 0x00000006c2800000, 0x00000006c2c00000|  0%| F|  |TAMS 0x00000006c2800000, 0x00000006c2800000| Untracked 
| 267|0x00000006c2c00000, 0x00000006c2c00000, 0x00000006c3000000|  0%| F|  |TAMS 0x00000006c2c00000, 0x00000006c2c00000| Untracked 
| 268|0x00000006c3000000, 0x00000006c3000000, 0x00000006c3400000|  0%| F|  |TAMS 0x00000006c3000000, 0x00000006c3000000| Untracked 
| 269|0x00000006c3400000, 0x00000006c3400000, 0x00000006c3800000|  0%| F|  |TAMS 0x00000006c3400000, 0x00000006c3400000| Untracked 
| 270|0x00000006c3800000, 0x00000006c3800000, 0x00000006c3c00000|  0%| F|  |TAMS 0x00000006c3800000, 0x00000006c3800000| Untracked 
| 271|0x00000006c3c00000, 0x00000006c3c00000, 0x00000006c4000000|  0%| F|  |TAMS 0x00000006c3c00000, 0x00000006c3c00000| Untracked 
| 272|0x00000006c4000000, 0x00000006c4000000, 0x00000006c4400000|  0%| F|  |TAMS 0x00000006c4000000, 0x00000006c4000000| Untracked 
| 273|0x00000006c4400000, 0x00000006c4400000, 0x00000006c4800000|  0%| F|  |TAMS 0x00000006c4400000, 0x00000006c4400000| Untracked 
| 274|0x00000006c4800000, 0x00000006c4800000, 0x00000006c4c00000|  0%| F|  |TAMS 0x00000006c4800000, 0x00000006c4800000| Untracked 
| 275|0x00000006c4c00000, 0x00000006c4c00000, 0x00000006c5000000|  0%| F|  |TAMS 0x00000006c4c00000, 0x00000006c4c00000| Untracked 
| 276|0x00000006c5000000, 0x00000006c5000000, 0x00000006c5400000|  0%| F|  |TAMS 0x00000006c5000000, 0x00000006c5000000| Untracked 
| 277|0x00000006c5400000, 0x00000006c5400000, 0x00000006c5800000|  0%| F|  |TAMS 0x00000006c5400000, 0x00000006c5400000| Untracked 
| 278|0x00000006c5800000, 0x00000006c5800000, 0x00000006c5c00000|  0%| F|  |TAMS 0x00000006c5800000, 0x00000006c5800000| Untracked 
| 279|0x00000006c5c00000, 0x00000006c5c00000, 0x00000006c6000000|  0%| F|  |TAMS 0x00000006c5c00000, 0x00000006c5c00000| Untracked 
| 280|0x00000006c6000000, 0x00000006c6000000, 0x00000006c6400000|  0%| F|  |TAMS 0x00000006c6000000, 0x00000006c6000000| Untracked 
| 281|0x00000006c6400000, 0x00000006c6400000, 0x00000006c6800000|  0%| F|  |TAMS 0x00000006c6400000, 0x00000006c6400000| Untracked 
| 282|0x00000006c6800000, 0x00000006c6800000, 0x00000006c6c00000|  0%| F|  |TAMS 0x00000006c6800000, 0x00000006c6800000| Untracked 
| 283|0x00000006c6c00000, 0x00000006c6c00000, 0x00000006c7000000|  0%| F|  |TAMS 0x00000006c6c00000, 0x00000006c6c00000| Untracked 
| 284|0x00000006c7000000, 0x00000006c7000000, 0x00000006c7400000|  0%| F|  |TAMS 0x00000006c7000000, 0x00000006c7000000| Untracked 
| 285|0x00000006c7400000, 0x00000006c7400000, 0x00000006c7800000|  0%| F|  |TAMS 0x00000006c7400000, 0x00000006c7400000| Untracked 
| 286|0x00000006c7800000, 0x00000006c7800000, 0x00000006c7c00000|  0%| F|  |TAMS 0x00000006c7800000, 0x00000006c7800000| Untracked 
| 287|0x00000006c7c00000, 0x00000006c7c00000, 0x00000006c8000000|  0%| F|  |TAMS 0x00000006c7c00000, 0x00000006c7c00000| Untracked 
| 288|0x00000006c8000000, 0x00000006c8000000, 0x00000006c8400000|  0%| F|  |TAMS 0x00000006c8000000, 0x00000006c8000000| Untracked 
| 289|0x00000006c8400000, 0x00000006c8400000, 0x00000006c8800000|  0%| F|  |TAMS 0x00000006c8400000, 0x00000006c8400000| Untracked 
| 290|0x00000006c8800000, 0x00000006c8800000, 0x00000006c8c00000|  0%| F|  |TAMS 0x00000006c8800000, 0x00000006c8800000| Untracked 
| 291|0x00000006c8c00000, 0x00000006c8c00000, 0x00000006c9000000|  0%| F|  |TAMS 0x00000006c8c00000, 0x00000006c8c00000| Untracked 
| 292|0x00000006c9000000, 0x00000006c9000000, 0x00000006c9400000|  0%| F|  |TAMS 0x00000006c9000000, 0x00000006c9000000| Untracked 
| 293|0x00000006c9400000, 0x00000006c9400000, 0x00000006c9800000|  0%| F|  |TAMS 0x00000006c9400000, 0x00000006c9400000| Untracked 
| 294|0x00000006c9800000, 0x00000006c9800000, 0x00000006c9c00000|  0%| F|  |TAMS 0x00000006c9800000, 0x00000006c9800000| Untracked 
| 295|0x00000006c9c00000, 0x00000006c9c00000, 0x00000006ca000000|  0%| F|  |TAMS 0x00000006c9c00000, 0x00000006c9c00000| Untracked 
| 296|0x00000006ca000000, 0x00000006ca000000, 0x00000006ca400000|  0%| F|  |TAMS 0x00000006ca000000, 0x00000006ca000000| Untracked 
| 297|0x00000006ca400000, 0x00000006ca400000, 0x00000006ca800000|  0%| F|  |TAMS 0x00000006ca400000, 0x00000006ca400000| Untracked 
| 298|0x00000006ca800000, 0x00000006ca800000, 0x00000006cac00000|  0%| F|  |TAMS 0x00000006ca800000, 0x00000006ca800000| Untracked 
| 299|0x00000006cac00000, 0x00000006cac00000, 0x00000006cb000000|  0%| F|  |TAMS 0x00000006cac00000, 0x00000006cac00000| Untracked 
| 300|0x00000006cb000000, 0x00000006cb000000, 0x00000006cb400000|  0%| F|  |TAMS 0x00000006cb000000, 0x00000006cb000000| Untracked 
| 301|0x00000006cb400000, 0x00000006cb400000, 0x00000006cb800000|  0%| F|  |TAMS 0x00000006cb400000, 0x00000006cb400000| Untracked 
| 302|0x00000006cb800000, 0x00000006cb800000, 0x00000006cbc00000|  0%| F|  |TAMS 0x00000006cb800000, 0x00000006cb800000| Untracked 
| 303|0x00000006cbc00000, 0x00000006cbc00000, 0x00000006cc000000|  0%| F|  |TAMS 0x00000006cbc00000, 0x00000006cbc00000| Untracked 
| 304|0x00000006cc000000, 0x00000006cc000000, 0x00000006cc400000|  0%| F|  |TAMS 0x00000006cc000000, 0x00000006cc000000| Untracked 
| 305|0x00000006cc400000, 0x00000006cc400000, 0x00000006cc800000|  0%| F|  |TAMS 0x00000006cc400000, 0x00000006cc400000| Untracked 
| 306|0x00000006cc800000, 0x00000006cc800000, 0x00000006ccc00000|  0%| F|  |TAMS 0x00000006cc800000, 0x00000006cc800000| Untracked 
| 307|0x00000006ccc00000, 0x00000006ccc00000, 0x00000006cd000000|  0%| F|  |TAMS 0x00000006ccc00000, 0x00000006ccc00000| Untracked 
| 308|0x00000006cd000000, 0x00000006cd000000, 0x00000006cd400000|  0%| F|  |TAMS 0x00000006cd000000, 0x00000006cd000000| Untracked 
| 309|0x00000006cd400000, 0x00000006cd400000, 0x00000006cd800000|  0%| F|  |TAMS 0x00000006cd400000, 0x00000006cd400000| Untracked 
| 310|0x00000006cd800000, 0x00000006cd800000, 0x00000006cdc00000|  0%| F|  |TAMS 0x00000006cd800000, 0x00000006cd800000| Untracked 
| 311|0x00000006cdc00000, 0x00000006cdc00000, 0x00000006ce000000|  0%| F|  |TAMS 0x00000006cdc00000, 0x00000006cdc00000| Untracked 
| 312|0x00000006ce000000, 0x00000006ce000000, 0x00000006ce400000|  0%| F|  |TAMS 0x00000006ce000000, 0x00000006ce000000| Untracked 
| 313|0x00000006ce400000, 0x00000006ce400000, 0x00000006ce800000|  0%| F|  |TAMS 0x00000006ce400000, 0x00000006ce400000| Untracked 
| 314|0x00000006ce800000, 0x00000006ce800000, 0x00000006cec00000|  0%| F|  |TAMS 0x00000006ce800000, 0x00000006ce800000| Untracked 
| 315|0x00000006cec00000, 0x00000006cec00000, 0x00000006cf000000|  0%| F|  |TAMS 0x00000006cec00000, 0x00000006cec00000| Untracked 
| 316|0x00000006cf000000, 0x00000006cf000000, 0x00000006cf400000|  0%| F|  |TAMS 0x00000006cf000000, 0x00000006cf000000| Untracked 
| 317|0x00000006cf400000, 0x00000006cf400000, 0x00000006cf800000|  0%| F|  |TAMS 0x00000006cf400000, 0x00000006cf400000| Untracked 
| 318|0x00000006cf800000, 0x00000006cf800000, 0x00000006cfc00000|  0%| F|  |TAMS 0x00000006cf800000, 0x00000006cf800000| Untracked 
| 319|0x00000006cfc00000, 0x00000006cfc00000, 0x00000006d0000000|  0%| F|  |TAMS 0x00000006cfc00000, 0x00000006cfc00000| Untracked 
| 320|0x00000006d0000000, 0x00000006d0000000, 0x00000006d0400000|  0%| F|  |TAMS 0x00000006d0000000, 0x00000006d0000000| Untracked 
| 321|0x00000006d0400000, 0x00000006d0400000, 0x00000006d0800000|  0%| F|  |TAMS 0x00000006d0400000, 0x00000006d0400000| Untracked 
| 322|0x00000006d0800000, 0x00000006d0800000, 0x00000006d0c00000|  0%| F|  |TAMS 0x00000006d0800000, 0x00000006d0800000| Untracked 
| 323|0x00000006d0c00000, 0x00000006d0c00000, 0x00000006d1000000|  0%| F|  |TAMS 0x00000006d0c00000, 0x00000006d0c00000| Untracked 
| 324|0x00000006d1000000, 0x00000006d1000000, 0x00000006d1400000|  0%| F|  |TAMS 0x00000006d1000000, 0x00000006d1000000| Untracked 
| 325|0x00000006d1400000, 0x00000006d1400000, 0x00000006d1800000|  0%| F|  |TAMS 0x00000006d1400000, 0x00000006d1400000| Untracked 
| 326|0x00000006d1800000, 0x00000006d1800000, 0x00000006d1c00000|  0%| F|  |TAMS 0x00000006d1800000, 0x00000006d1800000| Untracked 
| 327|0x00000006d1c00000, 0x00000006d1c00000, 0x00000006d2000000|  0%| F|  |TAMS 0x00000006d1c00000, 0x00000006d1c00000| Untracked 
| 328|0x00000006d2000000, 0x00000006d2000000, 0x00000006d2400000|  0%| F|  |TAMS 0x00000006d2000000, 0x00000006d2000000| Untracked 
| 329|0x00000006d2400000, 0x00000006d2400000, 0x00000006d2800000|  0%| F|  |TAMS 0x00000006d2400000, 0x00000006d2400000| Untracked 
| 330|0x00000006d2800000, 0x00000006d2800000, 0x00000006d2c00000|  0%| F|  |TAMS 0x00000006d2800000, 0x00000006d2800000| Untracked 
| 331|0x00000006d2c00000, 0x00000006d2c00000, 0x00000006d3000000|  0%| F|  |TAMS 0x00000006d2c00000, 0x00000006d2c00000| Untracked 
| 332|0x00000006d3000000, 0x00000006d3000000, 0x00000006d3400000|  0%| F|  |TAMS 0x00000006d3000000, 0x00000006d3000000| Untracked 
| 333|0x00000006d3400000, 0x00000006d3400000, 0x00000006d3800000|  0%| F|  |TAMS 0x00000006d3400000, 0x00000006d3400000| Untracked 
| 334|0x00000006d3800000, 0x00000006d3800000, 0x00000006d3c00000|  0%| F|  |TAMS 0x00000006d3800000, 0x00000006d3800000| Untracked 
| 335|0x00000006d3c00000, 0x00000006d3c00000, 0x00000006d4000000|  0%| F|  |TAMS 0x00000006d3c00000, 0x00000006d3c00000| Untracked 
| 336|0x00000006d4000000, 0x00000006d4000000, 0x00000006d4400000|  0%| F|  |TAMS 0x00000006d4000000, 0x00000006d4000000| Untracked 
| 337|0x00000006d4400000, 0x00000006d4400000, 0x00000006d4800000|  0%| F|  |TAMS 0x00000006d4400000, 0x00000006d4400000| Untracked 
| 338|0x00000006d4800000, 0x00000006d4800000, 0x00000006d4c00000|  0%| F|  |TAMS 0x00000006d4800000, 0x00000006d4800000| Untracked 
| 339|0x00000006d4c00000, 0x00000006d4c00000, 0x00000006d5000000|  0%| F|  |TAMS 0x00000006d4c00000, 0x00000006d4c00000| Untracked 
| 340|0x00000006d5000000, 0x00000006d5000000, 0x00000006d5400000|  0%| F|  |TAMS 0x00000006d5000000, 0x00000006d5000000| Untracked 
| 341|0x00000006d5400000, 0x00000006d5400000, 0x00000006d5800000|  0%| F|  |TAMS 0x00000006d5400000, 0x00000006d5400000| Untracked 
| 342|0x00000006d5800000, 0x00000006d5800000, 0x00000006d5c00000|  0%| F|  |TAMS 0x00000006d5800000, 0x00000006d5800000| Untracked 
| 343|0x00000006d5c00000, 0x00000006d5c00000, 0x00000006d6000000|  0%| F|  |TAMS 0x00000006d5c00000, 0x00000006d5c00000| Untracked 
| 344|0x00000006d6000000, 0x00000006d6000000, 0x00000006d6400000|  0%| F|  |TAMS 0x00000006d6000000, 0x00000006d6000000| Untracked 
| 345|0x00000006d6400000, 0x00000006d6400000, 0x00000006d6800000|  0%| F|  |TAMS 0x00000006d6400000, 0x00000006d6400000| Untracked 
| 346|0x00000006d6800000, 0x00000006d6800000, 0x00000006d6c00000|  0%| F|  |TAMS 0x00000006d6800000, 0x00000006d6800000| Untracked 
| 347|0x00000006d6c00000, 0x00000006d6c00000, 0x00000006d7000000|  0%| F|  |TAMS 0x00000006d6c00000, 0x00000006d6c00000| Untracked 
| 348|0x00000006d7000000, 0x00000006d7000000, 0x00000006d7400000|  0%| F|  |TAMS 0x00000006d7000000, 0x00000006d7000000| Untracked 
| 349|0x00000006d7400000, 0x00000006d7400000, 0x00000006d7800000|  0%| F|  |TAMS 0x00000006d7400000, 0x00000006d7400000| Untracked 
| 350|0x00000006d7800000, 0x00000006d7800000, 0x00000006d7c00000|  0%| F|  |TAMS 0x00000006d7800000, 0x00000006d7800000| Untracked 
| 351|0x00000006d7c00000, 0x00000006d7c00000, 0x00000006d8000000|  0%| F|  |TAMS 0x00000006d7c00000, 0x00000006d7c00000| Untracked 
| 352|0x00000006d8000000, 0x00000006d8000000, 0x00000006d8400000|  0%| F|  |TAMS 0x00000006d8000000, 0x00000006d8000000| Untracked 
| 353|0x00000006d8400000, 0x00000006d8400000, 0x00000006d8800000|  0%| F|  |TAMS 0x00000006d8400000, 0x00000006d8400000| Untracked 
| 354|0x00000006d8800000, 0x00000006d8800000, 0x00000006d8c00000|  0%| F|  |TAMS 0x00000006d8800000, 0x00000006d8800000| Untracked 
| 355|0x00000006d8c00000, 0x00000006d8c00000, 0x00000006d9000000|  0%| F|  |TAMS 0x00000006d8c00000, 0x00000006d8c00000| Untracked 
| 356|0x00000006d9000000, 0x00000006d9000000, 0x00000006d9400000|  0%| F|  |TAMS 0x00000006d9000000, 0x00000006d9000000| Untracked 
| 357|0x00000006d9400000, 0x00000006d9400000, 0x00000006d9800000|  0%| F|  |TAMS 0x00000006d9400000, 0x00000006d9400000| Untracked 
| 358|0x00000006d9800000, 0x00000006d9800000, 0x00000006d9c00000|  0%| F|  |TAMS 0x00000006d9800000, 0x00000006d9800000| Untracked 
| 359|0x00000006d9c00000, 0x00000006d9c00000, 0x00000006da000000|  0%| F|  |TAMS 0x00000006d9c00000, 0x00000006d9c00000| Untracked 
| 360|0x00000006da000000, 0x00000006da000000, 0x00000006da400000|  0%| F|  |TAMS 0x00000006da000000, 0x00000006da000000| Untracked 
| 361|0x00000006da400000, 0x00000006da400000, 0x00000006da800000|  0%| F|  |TAMS 0x00000006da400000, 0x00000006da400000| Untracked 
| 362|0x00000006da800000, 0x00000006da800000, 0x00000006dac00000|  0%| F|  |TAMS 0x00000006da800000, 0x00000006da800000| Untracked 
| 363|0x00000006dac00000, 0x00000006dac00000, 0x00000006db000000|  0%| F|  |TAMS 0x00000006dac00000, 0x00000006dac00000| Untracked 
| 364|0x00000006db000000, 0x00000006db000000, 0x00000006db400000|  0%| F|  |TAMS 0x00000006db000000, 0x00000006db000000| Untracked 
| 365|0x00000006db400000, 0x00000006db400000, 0x00000006db800000|  0%| F|  |TAMS 0x00000006db400000, 0x00000006db400000| Untracked 
| 366|0x00000006db800000, 0x00000006db800000, 0x00000006dbc00000|  0%| F|  |TAMS 0x00000006db800000, 0x00000006db800000| Untracked 
| 367|0x00000006dbc00000, 0x00000006dbc00000, 0x00000006dc000000|  0%| F|  |TAMS 0x00000006dbc00000, 0x00000006dbc00000| Untracked 
| 368|0x00000006dc000000, 0x00000006dc000000, 0x00000006dc400000|  0%| F|  |TAMS 0x00000006dc000000, 0x00000006dc000000| Untracked 
| 369|0x00000006dc400000, 0x00000006dc400000, 0x00000006dc800000|  0%| F|  |TAMS 0x00000006dc400000, 0x00000006dc400000| Untracked 
| 370|0x00000006dc800000, 0x00000006dc800000, 0x00000006dcc00000|  0%| F|  |TAMS 0x00000006dc800000, 0x00000006dc800000| Untracked 
| 371|0x00000006dcc00000, 0x00000006dcc00000, 0x00000006dd000000|  0%| F|  |TAMS 0x00000006dcc00000, 0x00000006dcc00000| Untracked 
| 372|0x00000006dd000000, 0x00000006dd000000, 0x00000006dd400000|  0%| F|  |TAMS 0x00000006dd000000, 0x00000006dd000000| Untracked 
| 373|0x00000006dd400000, 0x00000006dd400000, 0x00000006dd800000|  0%| F|  |TAMS 0x00000006dd400000, 0x00000006dd400000| Untracked 
| 374|0x00000006dd800000, 0x00000006dd800000, 0x00000006ddc00000|  0%| F|  |TAMS 0x00000006dd800000, 0x00000006dd800000| Untracked 
| 375|0x00000006ddc00000, 0x00000006ddc00000, 0x00000006de000000|  0%| F|  |TAMS 0x00000006ddc00000, 0x00000006ddc00000| Untracked 
| 376|0x00000006de000000, 0x00000006de000000, 0x00000006de400000|  0%| F|  |TAMS 0x00000006de000000, 0x00000006de000000| Untracked 
| 377|0x00000006de400000, 0x00000006de486cc0, 0x00000006de800000| 13%| S|CS|TAMS 0x00000006de400000, 0x00000006de400000| Complete 
| 378|0x00000006de800000, 0x00000006dec00000, 0x00000006dec00000|100%| S|CS|TAMS 0x00000006de800000, 0x00000006de800000| Complete 
| 379|0x00000006dec00000, 0x00000006dec00000, 0x00000006df000000|  0%| F|  |TAMS 0x00000006dec00000, 0x00000006dec00000| Untracked 
| 380|0x00000006df000000, 0x00000006df000000, 0x00000006df400000|  0%| F|  |TAMS 0x00000006df000000, 0x00000006df000000| Untracked 
| 381|0x00000006df400000, 0x00000006df400000, 0x00000006df800000|  0%| F|  |TAMS 0x00000006df400000, 0x00000006df400000| Untracked 
| 382|0x00000006df800000, 0x00000006df800000, 0x00000006dfc00000|  0%| F|  |TAMS 0x00000006df800000, 0x00000006df800000| Untracked 
| 383|0x00000006dfc00000, 0x00000006dfc00000, 0x00000006e0000000|  0%| F|  |TAMS 0x00000006dfc00000, 0x00000006dfc00000| Untracked 
| 384|0x00000006e0000000, 0x00000006e0000000, 0x00000006e0400000|  0%| F|  |TAMS 0x00000006e0000000, 0x00000006e0000000| Untracked 
| 385|0x00000006e0400000, 0x00000006e0400000, 0x00000006e0800000|  0%| F|  |TAMS 0x00000006e0400000, 0x00000006e0400000| Untracked 
| 386|0x00000006e0800000, 0x00000006e0800000, 0x00000006e0c00000|  0%| F|  |TAMS 0x00000006e0800000, 0x00000006e0800000| Untracked 
| 387|0x00000006e0c00000, 0x00000006e0c00000, 0x00000006e1000000|  0%| F|  |TAMS 0x00000006e0c00000, 0x00000006e0c00000| Untracked 
| 388|0x00000006e1000000, 0x00000006e1000000, 0x00000006e1400000|  0%| F|  |TAMS 0x00000006e1000000, 0x00000006e1000000| Untracked 

Card table byte_map: [0x0000027fceb30000,0x0000027fcf730000] _byte_map_base: 0x0000027fcb730000

Marking Bits (Prev, Next): (CMBitMap*) 0x0000027fb54048e0, (CMBitMap*) 0x0000027fb54048a0
 Prev Bits: [0x0000027fd6330000, 0x0000027fdc330000)
 Next Bits: [0x0000027fd0330000, 0x0000027fd6330000)

Polling page: 0x0000027fb5410000

Metaspace:

Usage:
  Non-class:     72.98 MB used.
      Class:     10.24 MB used.
       Both:     83.22 MB used.

Virtual space:
  Non-class space:      128.00 MB reserved,      73.38 MB ( 57%) committed,  2 nodes.
      Class space:        1.00 GB reserved,      10.56 MB (  1%) committed,  1 nodes.
             Both:        1.12 GB reserved,      83.94 MB (  7%) committed. 

Chunk freelists:
   Non-Class:  5.85 MB
       Class:  5.32 MB
        Both:  11.18 MB

MaxMetaspaceSize: unlimited
CompressedClassSpaceSize: 1.00 GB
Initial GC threshold: 21.00 MB
Current GC threshold: 136.38 MB
CDS: on
MetaspaceReclaimPolicy: balanced
 - commit_granule_bytes: 65536.
 - commit_granule_words: 8192.
 - virtual_space_node_default_size: 8388608.
 - enlarge_chunks_in_place: 1.
 - new_chunks_are_fully_committed: 0.
 - uncommit_free_chunks: 1.
 - use_allocation_guard: 0.
 - handle_deallocations: 1.


Internal statistics:

num_allocs_failed_limit: 9.
num_arena_births: 1230.
num_arena_deaths: 0.
num_vsnodes_births: 3.
num_vsnodes_deaths: 0.
num_space_committed: 1340.
num_space_uncommitted: 0.
num_chunks_returned_to_freelist: 9.
num_chunks_taken_from_freelist: 4325.
num_chunk_merges: 6.
num_chunk_splits: 3189.
num_chunks_enlarged: 2467.
num_inconsistent_stats: 0.

CodeHeap 'non-profiled nmethods': size=120000Kb used=3216Kb max_used=3216Kb free=116783Kb
 bounds [0x0000027fc5f80000, 0x0000027fc62b0000, 0x0000027fcd4b0000]
CodeHeap 'profiled nmethods': size=120000Kb used=10398Kb max_used=11477Kb free=109601Kb
 bounds [0x0000027fbe4b0000, 0x0000027fbf010000, 0x0000027fc59e0000]
CodeHeap 'non-nmethods': size=5760Kb used=1487Kb max_used=1547Kb free=4272Kb
 bounds [0x0000027fc59e0000, 0x0000027fc5c50000, 0x0000027fc5f80000]
 total_blobs=6700 nmethods=5850 adapters=759
 compilation: enabled
              stopped_count=0, restarted_count=0
 full_count=0

Compilation events (20 events):
Event: 77.450 Thread 0x00000280240329b0 6685       4       java.io.ObjectOutputStream$BlockDataOutputStream::writeBytes (144 bytes)
Event: 77.450 Thread 0x0000028024032ed0 nmethod 6692 0x0000027fbebc9210 code [0x0000027fbebc93e0, 0x0000027fbebc9728]
Event: 77.450 Thread 0x0000028024032ed0 6694   !   3       java.io.ObjectOutputStream::writeSerialData (223 bytes)
Event: 77.452 Thread 0x0000028024032ed0 nmethod 6694 0x0000027fbec02310 code [0x0000027fbec025e0, 0x0000027fbec035a8]
Event: 77.452 Thread 0x0000028024032ed0 6693       3       java.io.ObjectStreamClass::checkSerialize (20 bytes)
Event: 77.453 Thread 0x0000028024032ed0 nmethod 6693 0x0000027fbe9ef310 code [0x0000027fbe9ef500, 0x0000027fbe9ef8d8]
Event: 77.453 Thread 0x0000028024032ed0 6695       3       java.io.ObjectStreamClass::getObjFieldValues (10 bytes)
Event: 77.453 Thread 0x0000028024032ed0 nmethod 6695 0x0000027fbe9eef10 code [0x0000027fbe9ef0c0, 0x0000027fbe9ef228]
Event: 77.455 Thread 0x0000028024032ed0 6696       1       org.apache.spark.rpc.netty.Inbox::messages (5 bytes)
Event: 77.455 Thread 0x0000028024032ed0 nmethod 6696 0x0000027fc5fd7990 code [0x0000027fc5fd7b20, 0x0000027fc5fd7bf8]
Event: 77.469 Thread 0x00000280240329b0 nmethod 6685 0x0000027fc5fd6090 code [0x0000027fc5fd6240, 0x0000027fc5fd6948]
Event: 77.478 Thread 0x0000028024032ed0 6701       3       java.io.ObjectInputStream::readClassDesc (121 bytes)
Event: 77.482 Thread 0x0000028024032ed0 nmethod 6701 0x0000027fbe63b490 code [0x0000027fbe63b800, 0x0000027fbe63cc68]
Event: 77.482 Thread 0x0000028024032ed0 6703       3       java.io.ObjectInputStream$HandleTable::markDependency (175 bytes)
Event: 77.483 Thread 0x0000028024032ed0 nmethod 6703 0x0000027fbec06c90 code [0x0000027fbec06f00, 0x0000027fbec07af8]
Event: 77.483 Thread 0x0000028024032ed0 6702   !   3       java.io.ObjectInputStream::readObject0 (681 bytes)
Event: 77.484 Thread 0x00000280240329b0 6704       4       java.util.ArrayList::elementData (7 bytes)
Event: 77.485 Thread 0x00000280240329b0 nmethod 6704 0x0000027fc5fd5d90 code [0x0000027fc5fd5f20, 0x0000027fc5fd5fd8]
Event: 77.488 Thread 0x0000028024032ed0 nmethod 6702 0x0000027fbe524890 code [0x0000027fbe524fe0, 0x0000027fbe527e08]
Event: 77.489 Thread 0x0000028024032ed0 6710       3       java.io.ObjectInputStream$BlockDataInputStream::readUTFBody (192 bytes)

GC Heap History (20 events):
Event: 25.140 GC heap after
{Heap after GC invocations=33 (full 0):
 garbage-first heap   total 491520K, used 221369K [0x0000000680000000, 0x0000000800000000)
  region size 4096K, 2 young (8192K), 2 survivors (8192K)
 Metaspace       used 80103K, committed 80640K, reserved 1179648K
  class space    used 9686K, committed 9920K, reserved 1048576K
}
Event: 25.334 GC heap before
{Heap before GC invocations=33 (full 0):
 garbage-first heap   total 491520K, used 233657K [0x0000000680000000, 0x0000000800000000)
  region size 4096K, 4 young (16384K), 2 survivors (8192K)
 Metaspace       used 80229K, committed 80832K, reserved 1179648K
  class space    used 9719K, committed 9984K, reserved 1048576K
}
Event: 25.339 GC heap after
{Heap after GC invocations=34 (full 0):
 garbage-first heap   total 491520K, used 222440K [0x0000000680000000, 0x0000000800000000)
  region size 4096K, 2 young (8192K), 2 survivors (8192K)
 Metaspace       used 80229K, committed 80832K, reserved 1179648K
  class space    used 9719K, committed 9984K, reserved 1048576K
}
Event: 25.350 GC heap before
{Heap before GC invocations=34 (full 0):
 garbage-first heap   total 491520K, used 230632K [0x0000000680000000, 0x0000000800000000)
  region size 4096K, 3 young (12288K), 2 survivors (8192K)
 Metaspace       used 80231K, committed 80832K, reserved 1179648K
  class space    used 9719K, committed 9984K, reserved 1048576K
}
Event: 25.354 GC heap after
{Heap after GC invocations=35 (full 0):
 garbage-first heap   total 491520K, used 222559K [0x0000000680000000, 0x0000000800000000)
  region size 4096K, 2 young (8192K), 2 survivors (8192K)
 Metaspace       used 80231K, committed 80832K, reserved 1179648K
  class space    used 9719K, committed 9984K, reserved 1048576K
}
Event: 36.171 GC heap before
{Heap before GC invocations=35 (full 0):
 garbage-first heap   total 491520K, used 234847K [0x0000000680000000, 0x0000000800000000)
  region size 4096K, 4 young (16384K), 2 survivors (8192K)
 Metaspace       used 80245K, committed 80832K, reserved 1179648K
  class space    used 9720K, committed 9984K, reserved 1048576K
}
Event: 36.176 GC heap after
{Heap after GC invocations=36 (full 0):
 garbage-first heap   total 491520K, used 222475K [0x0000000680000000, 0x0000000800000000)
  region size 4096K, 2 young (8192K), 2 survivors (8192K)
 Metaspace       used 80245K, committed 80832K, reserved 1179648K
  class space    used 9720K, committed 9984K, reserved 1048576K
}
Event: 36.850 GC heap before
{Heap before GC invocations=36 (full 0):
 garbage-first heap   total 491520K, used 369931K [0x0000000680000000, 0x0000000800000000)
  region size 4096K, 3 young (12288K), 2 survivors (8192K)
 Metaspace       used 80246K, committed 80832K, reserved 1179648K
  class space    used 9720K, committed 9984K, reserved 1048576K
}
Event: 36.854 GC heap after
{Heap after GC invocations=37 (full 0):
 garbage-first heap   total 491520K, used 370016K [0x0000000680000000, 0x0000000800000000)
  region size 4096K, 2 young (8192K), 2 survivors (8192K)
 Metaspace       used 80246K, committed 80832K, reserved 1179648K
  class space    used 9720K, committed 9984K, reserved 1048576K
}
Event: 38.193 GC heap before
{Heap before GC invocations=38 (full 0):
 garbage-first heap   total 876544K, used 529760K [0x0000000680000000, 0x0000000800000000)
  region size 4096K, 6 young (24576K), 2 survivors (8192K)
 Metaspace       used 82006K, committed 82624K, reserved 1179648K
  class space    used 10024K, committed 10304K, reserved 1048576K
}
Event: 38.202 GC heap after
{Heap after GC invocations=39 (full 0):
 garbage-first heap   total 876544K, used 518539K [0x0000000680000000, 0x0000000800000000)
  region size 4096K, 1 young (4096K), 1 survivors (4096K)
 Metaspace       used 82006K, committed 82624K, reserved 1179648K
  class space    used 10024K, committed 10304K, reserved 1048576K
}
Event: 38.432 GC heap before
{Heap before GC invocations=40 (full 0):
 garbage-first heap   total 888832K, used 530827K [0x0000000680000000, 0x0000000800000000)
  region size 4096K, 4 young (16384K), 1 survivors (4096K)
 Metaspace       used 82663K, committed 83328K, reserved 1179648K
  class space    used 10130K, committed 10432K, reserved 1048576K
}
Event: 38.438 GC heap after
{Heap after GC invocations=41 (full 0):
 garbage-first heap   total 888832K, used 519576K [0x0000000680000000, 0x0000000800000000)
  region size 4096K, 1 young (4096K), 1 survivors (4096K)
 Metaspace       used 82663K, committed 83328K, reserved 1179648K
  class space    used 10130K, committed 10432K, reserved 1048576K
}
Event: 38.619 GC heap before
{Heap before GC invocations=42 (full 0):
 garbage-first heap   total 1134592K, used 675224K [0x0000000680000000, 0x0000000800000000)
  region size 4096K, 2 young (8192K), 1 survivors (4096K)
 Metaspace       used 82663K, committed 83328K, reserved 1179648K
  class space    used 10130K, committed 10432K, reserved 1048576K
}
Event: 38.624 GC heap after
{Heap after GC invocations=43 (full 0):
 garbage-first heap   total 1134592K, used 592140K [0x0000000680000000, 0x0000000800000000)
  region size 4096K, 1 young (4096K), 1 survivors (4096K)
 Metaspace       used 82663K, committed 83328K, reserved 1179648K
  class space    used 10130K, committed 10432K, reserved 1048576K
}
Event: 38.841 GC heap before
{Heap before GC invocations=44 (full 0):
 garbage-first heap   total 1228800K, used 735500K [0x0000000680000000, 0x0000000800000000)
  region size 4096K, 2 young (8192K), 1 survivors (4096K)
 Metaspace       used 82718K, committed 83456K, reserved 1179648K
  class space    used 10142K, committed 10496K, reserved 1048576K
}
Event: 38.846 GC heap after
{Heap after GC invocations=45 (full 0):
 garbage-first heap   total 1228800K, used 661811K [0x0000000680000000, 0x0000000800000000)
  region size 4096K, 1 young (4096K), 1 survivors (4096K)
 Metaspace       used 82718K, committed 83456K, reserved 1179648K
  class space    used 10142K, committed 10496K, reserved 1048576K
}
Event: 39.178 GC heap before
{Heap before GC invocations=46 (full 0):
 garbage-first heap   total 1585152K, used 948531K [0x0000000680000000, 0x0000000800000000)
  region size 4096K, 3 young (12288K), 1 survivors (4096K)
 Metaspace       used 83102K, committed 83776K, reserved 1179648K
  class space    used 10200K, committed 10496K, reserved 1048576K
}
Event: 39.182 GC heap after
{Heap after GC invocations=47 (full 0):
 garbage-first heap   total 1585152K, used 801222K [0x0000000680000000, 0x0000000800000000)
  region size 4096K, 1 young (4096K), 1 survivors (4096K)
 Metaspace       used 83102K, committed 83776K, reserved 1179648K
  class space    used 10200K, committed 10496K, reserved 1048576K
}
Event: 77.492 GC heap before
{Heap before GC invocations=48 (full 0):
 garbage-first heap   total 1593344K, used 977350K [0x0000000680000000, 0x0000000800000000)
  region size 4096K, 10 young (40960K), 1 survivors (4096K)
 Metaspace       used 85220K, committed 85952K, reserved 1179648K
  class space    used 10487K, committed 10816K, reserved 1048576K
}

Dll operation events (13 events):
Event: 0.023 Loaded shared library C:\Program Files\Eclipse Adoptium\jdk-17.0.20.101-hotspot\bin\java.dll
Event: 0.057 Loaded shared library C:\Program Files\Eclipse Adoptium\jdk-17.0.20.101-hotspot\bin\jsvml.dll
Event: 0.866 Loaded shared library C:\Program Files\Eclipse Adoptium\jdk-17.0.20.101-hotspot\bin\net.dll
Event: 0.871 Loaded shared library C:\Program Files\Eclipse Adoptium\jdk-17.0.20.101-hotspot\bin\nio.dll
Event: 0.880 Loaded shared library C:\Program Files\Eclipse Adoptium\jdk-17.0.20.101-hotspot\bin\zip.dll
Event: 2.917 Loaded shared library C:\Program Files\Eclipse Adoptium\jdk-17.0.20.101-hotspot\bin\jimage.dll
Event: 3.790 Loaded shared library C:\Program Files\Eclipse Adoptium\jdk-17.0.20.101-hotspot\bin\management.dll
Event: 3.816 Loaded shared library C:\Program Files\Eclipse Adoptium\jdk-17.0.20.101-hotspot\bin\management_ext.dll
Event: 6.614 Loaded shared library C:\Program Files\Eclipse Adoptium\jdk-17.0.20.101-hotspot\bin\extnet.dll
Event: 9.136 Loaded shared library C:\Program Files\Eclipse Adoptium\jdk-17.0.20.101-hotspot\bin\jaas.dll
Event: 9.991 Loaded shared library C:\Program Files\Eclipse Adoptium\jdk-17.0.20.101-hotspot\bin\sunmscapi.dll
Event: 23.371 Loaded shared library C:\Users\kkc24\AppData\Local\Temp\liblz4-java-11747599760304820557.dll
Event: 37.723 Loaded shared library C:\Program Files\Eclipse Adoptium\jdk-17.0.20.101-hotspot\bin\verify.dll

Deoptimization events (20 events):
Event: 37.855 Thread 0x0000028024024f60 DEOPT PACKING pc=0x0000027fbe8aa34c sp=0x00000086d1ffcff0
Event: 37.855 Thread 0x0000028024024f60 DEOPT UNPACKING pc=0x0000027fc5a37143 sp=0x00000086d1ffc468 mode 0
Event: 37.982 Thread 0x0000028024024f60 Uncommon trap: trap_request=0xffffff45 fr.pc=0x0000027fc5f91d98 relative=0x00000000000000f8
Event: 37.982 Thread 0x0000028024024f60 Uncommon trap: reason=unstable_if action=reinterpret pc=0x0000027fc5f91d98 method=org.apache.xbean.asm9.ClassReader.readUTF8(I[C)Ljava/lang/String; @ 11 c2
Event: 37.982 Thread 0x0000028024024f60 DEOPT PACKING pc=0x0000027fc5f91d98 sp=0x00000086d1ffda10
Event: 37.982 Thread 0x0000028024024f60 DEOPT UNPACKING pc=0x0000027fc5a369a3 sp=0x00000086d1ffd9b8 mode 2
Event: 38.086 Thread 0x00000280253199b0 Uncommon trap: trap_request=0xffffff45 fr.pc=0x0000027fc6239fd4 relative=0x0000000000000194
Event: 38.086 Thread 0x00000280253199b0 Uncommon trap: reason=unstable_if action=reinterpret pc=0x0000027fc6239fd4 method=scala.runtime.ScalaRunTime$.array_apply(Ljava/lang/Object;I)Ljava/lang/Object; @ 18 c2
Event: 38.086 Thread 0x00000280253199b0 DEOPT PACKING pc=0x0000027fc6239fd4 sp=0x00000086d3bfec70
Event: 38.086 Thread 0x00000280253199b0 DEOPT UNPACKING pc=0x0000027fc5a369a3 sp=0x00000086d3bfec10 mode 2
Event: 38.256 Thread 0x000002802531f9e0 Uncommon trap: trap_request=0xffffff45 fr.pc=0x0000027fc62400e8 relative=0x0000000000001688
Event: 38.256 Thread 0x000002802531f9e0 Uncommon trap: reason=unstable_if action=reinterpret pc=0x0000027fc62400e8 method=java.util.concurrent.ConcurrentHashMap.computeIfAbsent(Ljava/lang/Object;Ljava/util/function/Function;)Ljava/lang/Object; @ 312 c2
Event: 38.256 Thread 0x000002802531f9e0 DEOPT PACKING pc=0x0000027fc62400e8 sp=0x00000086d42fe440
Event: 38.256 Thread 0x000002802531f9e0 DEOPT UNPACKING pc=0x0000027fc5a369a3 sp=0x00000086d42fe3c8 mode 2
Event: 38.812 Thread 0x00000280271bc760 DEOPT PACKING pc=0x0000027fbea4fe1d sp=0x00000086d23fc470
Event: 38.812 Thread 0x00000280271bc760 DEOPT UNPACKING pc=0x0000027fc5a37143 sp=0x00000086d23fb960 mode 0
Event: 72.937 Thread 0x0000028026734990 Uncommon trap: trap_request=0xffffffde fr.pc=0x0000027fc6102e7c relative=0x00000000000009dc
Event: 72.938 Thread 0x0000028026734990 Uncommon trap: reason=class_check action=maybe_recompile pc=0x0000027fc6102e7c method=java.util.HashMap.putVal(ILjava/lang/Object;Ljava/lang/Object;ZZ)Ljava/lang/Object; @ 91 c2
Event: 72.938 Thread 0x0000028026734990 DEOPT PACKING pc=0x0000027fc6102e7c sp=0x00000086d47fdc10
Event: 72.938 Thread 0x0000028026734990 DEOPT UNPACKING pc=0x0000027fc5a369a3 sp=0x00000086d47fdbb0 mode 2

Classes loaded (20 events):
Event: 43.013 Loading class sun/nio/ch/SocketAdaptor$2
Event: 43.014 Loading class sun/nio/ch/SocketAdaptor$2 done
Event: 43.014 Loading class java/nio/channels/Channels
Event: 43.015 Loading class java/nio/channels/Channels done
Event: 43.015 Loading class sun/nio/ch/ChannelInputStream
Event: 43.016 Loading class sun/nio/ch/ChannelInputStream done
Event: 43.151 Loading class java/math/MutableBigInteger
Event: 43.153 Loading class java/math/MutableBigInteger done
Event: 77.176 Loading class sun/nio/ch/SocketOptionRegistry
Event: 77.182 Loading class sun/nio/ch/SocketOptionRegistry done
Event: 77.183 Loading class sun/nio/ch/SocketOptionRegistry$RegistryKey
Event: 77.184 Loading class sun/nio/ch/SocketOptionRegistry$RegistryKey done
Event: 77.184 Loading class sun/nio/ch/SocketOptionRegistry$LazyInitialization
Event: 77.188 Loading class sun/nio/ch/SocketOptionRegistry$LazyInitialization done
Event: 77.188 Loading class sun/nio/ch/OptionKey
Event: 77.191 Loading class sun/nio/ch/OptionKey done
Event: 77.191 Loading class sun/nio/ch/ExtendedSocketOption
Event: 77.192 Loading class sun/nio/ch/ExtendedSocketOption done
Event: 77.192 Loading class sun/nio/ch/ExtendedSocketOption$1
Event: 77.194 Loading class sun/nio/ch/ExtendedSocketOption$1 done

Classes unloaded (0 events):
No events

Classes redefined (0 events):
No events

Internal exceptions (20 events):
Event: 39.412 Thread 0x0000028026734990 Exception <a 'java/lang/NoSuchMethodError'{0x00000006e0a67d40}: 'java.lang.Object java.lang.invoke.Invokers$Holder.invokeExact_MT(java.lang.Object, java.lang.Object, java.lang.Object, java.lang.Object)'> (0x00000006e0a67d40) 
thrown [s\src\hotspot\share\interpreter\linkResolver.cpp, line 759]
Event: 39.421 Thread 0x0000028026734990 Exception <a 'java/lang/NoSuchMethodError'{0x00000006e0bcd8f8}: 'java.lang.Object java.lang.invoke.Invokers$Holder.invoker(java.lang.Object, java.lang.Object, java.lang.Object)'> (0x00000006e0bcd8f8) 
thrown [s\src\hotspot\share\interpreter\linkResolver.cpp, line 759]
Event: 39.426 Thread 0x0000028026734990 Exception <a 'java/lang/NoSuchMethodError'{0x00000006e0bdada0}: 'java.lang.Object java.lang.invoke.DirectMethodHandle$Holder.invokeStatic(java.lang.Object, java.lang.Object, java.lang.Object, java.lang.Object, java.lang.Object, long)'> (0x00000006e0bdada0) 
thrown [s\src\hotspot\share\interpreter\linkResolver.cpp, line 759]
Event: 39.428 Thread 0x0000028026734990 Exception <a 'java/lang/NoSuchMethodError'{0x00000006e0be39f0}: 'java.lang.Object java.lang.invoke.DirectMethodHandle$Holder.invokeStatic(java.lang.Object, java.lang.Object, java.lang.Object, java.lang.Object, java.lang.Object, java.lang.Object, int)'> (0x00000006e0be39f0) 
thrown [s\src\hotspot\share\interpreter\linkResolver.cpp, line 759]
Event: 39.435 Thread 0x0000028026734990 Exception <a 'java/lang/NoSuchMethodError'{0x00000006e0bf6170}: 'java.lang.Object java.lang.invoke.DirectMethodHandle$Holder.invokeStatic(java.lang.Object, java.lang.Object, java.lang.Object, java.lang.Object, java.lang.Object, int)'> (0x00000006e0bf6170) 
thrown [s\src\hotspot\share\interpreter\linkResolver.cpp, line 759]
Event: 39.436 Thread 0x0000028026734990 Exception <a 'java/lang/NoSuchMethodError'{0x00000006e0bfa2e0}: 'java.lang.Object java.lang.invoke.DirectMethodHandle$Holder.invokeStatic(java.lang.Object, java.lang.Object, java.lang.Object, java.lang.Object, java.lang.Object, java.lang.Object, java.lang.Object, int)'> (0x00000006e0bfa2e0) 
thrown [s\src\hotspot\share\interpreter\linkResolver.cpp, line 759]
Event: 39.490 Thread 0x0000028026734990 Exception <a 'java/lang/NoSuchMethodError'{0x00000006e11118a0}: 'java.lang.Object java.lang.invoke.DirectMethodHandle$Holder.newInvokeSpecial(java.lang.Object, java.lang.Object, java.lang.Object, java.lang.Object, java.lang.Object, int)'> (0x00000006e11118a0) 
thrown [s\src\hotspot\share\interpreter\linkResolver.cpp, line 759]
Event: 39.490 Thread 0x0000028026734990 Exception <a 'java/lang/NoSuchMethodError'{0x00000006e1115890}: 'java.lang.Object java.lang.invoke.DirectMethodHandle$Holder.invokeSpecial(java.lang.Object, java.lang.Object, java.lang.Object, java.lang.Object, java.lang.Object, java.lang.Object, int)'> (0x00000006e1115890) 
thrown [s\src\hotspot\share\interpreter\linkResolver.cpp, line 759]
Event: 39.490 Thread 0x0000028026734990 Exception <a 'java/lang/NoSuchMethodError'{0x00000006e1119170}: 'java.lang.Object java.lang.invoke.Invokers$Holder.linkToTargetMethod(java.lang.Object, java.lang.Object, java.lang.Object, java.lang.Object, int, java.lang.Object)'> (0x00000006e1119170) 
thrown [s\src\hotspot\share\interpreter\linkResolver.cpp, line 759]
Event: 39.566 Thread 0x0000028026734990 Exception <a 'java/lang/NoSuchMethodError'{0x00000006e118c678}: 'void java.lang.invoke.DirectMethodHandle$Holder.invokeStatic(java.lang.Object, long)'> (0x00000006e118c678) 
thrown [s\src\hotspot\share\interpreter\linkResolver.cpp, line 759]
Event: 77.218 Thread 0x0000028026734990 Exception <a 'java/lang/NoSuchMethodError'{0x00000006e025dcc8}: 'java.lang.Object java.lang.invoke.DirectMethodHandle$Holder.newInvokeSpecial(java.lang.Object, java.lang.Object, java.lang.Object, long, java.lang.Object)'> (0x00000006e025dcc8) 
thrown [s\src\hotspot\share\interpreter\linkResolver.cpp, line 759]
Event: 77.221 Thread 0x0000028026734990 Exception <a 'java/lang/NoSuchMethodError'{0x00000006e0261c18}: 'java.lang.Object java.lang.invoke.DirectMethodHandle$Holder.invokeSpecial(java.lang.Object, java.lang.Object, java.lang.Object, java.lang.Object, long, java.lang.Object)'> (0x00000006e0261c18) 
thrown [s\src\hotspot\share\interpreter\linkResolver.cpp, line 759]
Event: 77.222 Thread 0x0000028026734990 Exception <a 'java/lang/NoSuchMethodError'{0x00000006e0265170}: 'java.lang.Object java.lang.invoke.Invokers$Holder.linkToTargetMethod(java.lang.Object, java.lang.Object, long, java.lang.Object, java.lang.Object)'> (0x00000006e0265170) 
thrown [s\src\hotspot\share\interpreter\linkResolver.cpp, line 759]
Event: 77.405 Thread 0x0000028026734990 Exception <a 'java/lang/NoSuchMethodError'{0x00000006e0371fb0}: static Lorg/apache/spark/ExceptionFailure;.<clinit>()V> (0x00000006e0371fb0) 
thrown [s\src\hotspot\share\prims\jni.cpp, line 1112]
Event: 77.425 Thread 0x0000028026734990 Exception <a 'java/lang/NoSuchMethodError'{0x00000006e03ae1f8}: static Lorg/apache/spark/scheduler/AccumulableInfo;.<clinit>()V> (0x00000006e03ae1f8) 
thrown [s\src\hotspot\share\prims\jni.cpp, line 1112]
Event: 77.432 Thread 0x0000028026734990 Exception <a 'java/lang/NoSuchMethodError'{0x00000006e03ce568}: static [J.<clinit>()V> (0x00000006e03ce568) 
thrown [s\src\hotspot\share\prims\jni.cpp, line 1112]
Event: 77.437 Thread 0x0000028026734990 Exception <a 'java/lang/NoSuchMethodError'{0x00000006e03d6368}: static Lorg/apache/spark/ThrowableSerializationWrapper;.<clinit>()V> (0x00000006e03d6368) 
thrown [s\src\hotspot\share\prims\jni.cpp, line 1112]
Event: 77.443 Thread 0x0000028026734990 Exception <a 'java/lang/NoSuchMethodError'{0x00000006e03fe598}: static Lorg/apache/spark/api/python/PythonException;.<clinit>()V> (0x00000006e03fe598) 
thrown [s\src\hotspot\share\prims\jni.cpp, line 1112]
Event: 77.444 Thread 0x0000028026734990 Exception <a 'java/lang/NoSuchMethodError'{0x00000006df658910}: static [Ljava/lang/StackTraceElement;.<clinit>()V> (0x00000006df658910) 
thrown [s\src\hotspot\share\prims\jni.cpp, line 1112]
Event: 77.451 Thread 0x0000028026734990 Exception <a 'java/lang/NoSuchMethodError'{0x00000006df6698d8}: static [Lorg/apache/spark/QueryContext;.<clinit>()V> (0x00000006df6698d8) 
thrown [s\src\hotspot\share\prims\jni.cpp, line 1112]

VM Operations (20 events):
Event: 55.478 Executing VM operation: Cleanup done
Event: 57.486 Executing VM operation: Cleanup
Event: 57.486 Executing VM operation: Cleanup done
Event: 59.496 Executing VM operation: Cleanup
Event: 59.497 Executing VM operation: Cleanup done
Event: 60.043 Executing VM operation: HandshakeAllThreads
Event: 60.045 Executing VM operation: HandshakeAllThreads done
Event: 61.059 Executing VM operation: Cleanup
Event: 61.059 Executing VM operation: Cleanup done
Event: 62.059 Executing VM operation: Cleanup
Event: 62.059 Executing VM operation: Cleanup done
Event: 63.071 Executing VM operation: Cleanup
Event: 63.071 Executing VM operation: Cleanup done
Event: 71.127 Executing VM operation: Cleanup
Event: 71.127 Executing VM operation: Cleanup done
Event: 73.140 Executing VM operation: Cleanup
Event: 73.140 Executing VM operation: Cleanup done
Event: 77.158 Executing VM operation: Cleanup
Event: 77.158 Executing VM operation: Cleanup done
Event: 77.490 Executing VM operation: G1TryInitiateConcMark

Memory protections (0 events):
No events

Nmethod flushes (20 events):
Event: 25.313 Thread 0x0000028024028200 flushing  nmethod 0x0000027fbee66d90
Event: 25.313 Thread 0x0000028024028200 flushing  nmethod 0x0000027fbee67290
Event: 25.313 Thread 0x0000028024028200 flushing  nmethod 0x0000027fbee6ae10
Event: 25.313 Thread 0x0000028024028200 flushing  nmethod 0x0000027fbee6b190
Event: 25.313 Thread 0x0000028024028200 flushing  nmethod 0x0000027fbee6c110
Event: 25.313 Thread 0x0000028024028200 flushing  nmethod 0x0000027fbee6d610
Event: 25.313 Thread 0x0000028024028200 flushing  nmethod 0x0000027fbee6ec90
Event: 25.313 Thread 0x0000028024028200 flushing  nmethod 0x0000027fbee72410
Event: 25.313 Thread 0x0000028024028200 flushing  nmethod 0x0000027fbee7a010
Event: 25.314 Thread 0x0000028024028200 flushing  nmethod 0x0000027fbee89910
Event: 25.314 Thread 0x0000028024028200 flushing  nmethod 0x0000027fbeec1690
Event: 25.314 Thread 0x0000028024028200 flushing  nmethod 0x0000027fbef2a810
Event: 25.314 Thread 0x0000028024028200 flushing  nmethod 0x0000027fbef9cf10
Event: 25.315 Thread 0x0000028024028200 flushing  nmethod 0x0000027fbefd6c90
Event: 25.315 Thread 0x0000028024028200 flushing  nmethod 0x0000027fbefd7d90
Event: 25.315 Thread 0x0000028024028200 flushing  nmethod 0x0000027fbefd8210
Event: 25.315 Thread 0x0000028024028200 flushing  nmethod 0x0000027fbefd8990
Event: 25.315 Thread 0x0000028024028200 flushing  nmethod 0x0000027fbefd9690
Event: 25.315 Thread 0x0000028024028200 flushing  nmethod 0x0000027fbefd9a90
Event: 25.315 Thread 0x0000028024028200 flushing  nmethod 0x0000027fbefda710

Events (20 events):
Event: 12.570 Thread 0x0000028024024f60 Thread added: 0x000002802531d670
Event: 12.634 Thread 0x0000028024024f60 Thread added: 0x000002802531efc0
Event: 12.643 Thread 0x0000028024024f60 Thread added: 0x000002802531f4d0
Event: 12.706 Thread 0x0000028024024f60 Thread added: 0x000002802531db80
Event: 13.094 Thread 0x0000028024024f60 Thread added: 0x000002802531e090
Event: 13.095 Thread 0x0000028024024f60 Thread added: 0x000002802531eab0
Event: 13.104 Thread 0x0000028024024f60 Thread added: 0x000002802531f9e0
Event: 13.107 Thread 0x0000028024024f60 Thread added: 0x000002802531e5a0
Event: 13.264 Thread 0x000002802531f9e0 Thread added: 0x00000280267302b0
Event: 37.825 Thread 0x0000028024032ed0 Thread added: 0x00000280285df800
Event: 38.600 Thread 0x00000280285df800 Thread added: 0x00000280285ddd70
Event: 39.088 Thread 0x00000280285ddd70 Thread exited: 0x00000280285ddd70
Event: 39.088 Thread 0x00000280285df800 Thread exited: 0x00000280285df800
Event: 39.135 Thread 0x00000280271bc760 Thread added: 0x0000028026734990
Event: 39.504 Thread 0x0000028026734990 Thread added: 0x0000028026737c30
Event: 39.576 Thread 0x0000028026734990 Thread added: 0x0000028026734ea0
Event: 39.576 Thread 0x0000028026734990 Thread added: 0x00000280267353b0
Event: 43.045 Thread 0x0000028026734990 Thread added: 0x00000280267358c0
Event: 77.192 Thread 0x00000280267358c0 Thread exited: 0x00000280267358c0
Event: 77.470 Thread 0x00000280271bc760 Thread added: 0x00000280267358c0


Dynamic libraries:
0x00007ff7711e0000 - 0x00007ff7711ee000 	C:\Program Files\Eclipse Adoptium\jdk-17.0.20.101-hotspot\bin\java.exe
0x00007ff8242a0000 - 0x00007ff824507000 	C:\WINDOWS\SYSTEM32\ntdll.dll
0x00007ff823180000 - 0x00007ff82324b000 	C:\WINDOWS\System32\KERNEL32.DLL
0x00007ff821820000 - 0x00007ff821c22000 	C:\WINDOWS\System32\KERNELBASE.dll
0x00007ff8216d0000 - 0x00007ff82181c000 	C:\WINDOWS\System32\ucrtbase.dll
0x00007fffbce90000 - 0x00007fffbceae000 	C:\Program Files\Eclipse Adoptium\jdk-17.0.20.101-hotspot\bin\VCRUNTIME140.dll
0x00007fffc3c10000 - 0x00007fffc3c28000 	C:\Program Files\Eclipse Adoptium\jdk-17.0.20.101-hotspot\bin\jli.dll
0x00007ff822990000 - 0x00007ff822b5f000 	C:\WINDOWS\System32\USER32.dll
0x00007ff821d70000 - 0x00007ff821d97000 	C:\WINDOWS\System32\win32u.dll
0x00007ff80d4f0000 - 0x00007ff80d780000 	C:\WINDOWS\WinSxS\amd64_microsoft.windows.common-controls_6595b64144ccf1df_6.0.26100.9278_none_3e0d1ba8e3303201\COMCTL32.dll
0x00007ff8230d0000 - 0x00007ff8230fb000 	C:\WINDOWS\System32\GDI32.dll
0x00007ff822380000 - 0x00007ff822429000 	C:\WINDOWS\System32\msvcrt.dll
0x00007ff8215a0000 - 0x00007ff8216c9000 	C:\WINDOWS\System32\gdi32full.dll
0x00007ff8214f0000 - 0x00007ff821593000 	C:\WINDOWS\System32\msvcp_win.dll
0x00007ff823340000 - 0x00007ff823371000 	C:\WINDOWS\System32\IMM32.DLL
0x00007fffdb3d0000 - 0x00007fffdb3dc000 	C:\Program Files\Eclipse Adoptium\jdk-17.0.20.101-hotspot\bin\vcruntime140_1.dll
0x00007fffadee0000 - 0x00007fffadf6d000 	C:\Program Files\Eclipse Adoptium\jdk-17.0.20.101-hotspot\bin\msvcp140.dll
0x00007fff62620000 - 0x00007fff6328c000 	C:\Program Files\Eclipse Adoptium\jdk-17.0.20.101-hotspot\bin\server\jvm.dll
0x00007ff824110000 - 0x00007ff8241cc000 	C:\WINDOWS\System32\ADVAPI32.dll
0x00007ff823f20000 - 0x00007ff823fc9000 	C:\WINDOWS\System32\sechost.dll
0x00007ff823d00000 - 0x00007ff823e18000 	C:\WINDOWS\System32\RPCRT4.dll
0x00007ff823260000 - 0x00007ff8232e0000 	C:\WINDOWS\System32\WS2_32.dll
0x00007ff818450000 - 0x00007ff81845b000 	C:\WINDOWS\SYSTEM32\VERSION.dll
0x00007ff821350000 - 0x00007ff8213ae000 	C:\WINDOWS\SYSTEM32\POWRPROF.dll
0x00007ff8109c0000 - 0x00007ff8109f6000 	C:\WINDOWS\SYSTEM32\WINMM.dll
0x00007ff821330000 - 0x00007ff821345000 	C:\WINDOWS\SYSTEM32\UMPDC.dll
0x00007ff8201f0000 - 0x00007ff82020b000 	C:\WINDOWS\SYSTEM32\kernel.appcore.dll
0x00007fffda2f0000 - 0x00007fffda2fa000 	C:\Program Files\Eclipse Adoptium\jdk-17.0.20.101-hotspot\bin\jimage.dll
0x00007ff813460000 - 0x00007ff8136ac000 	C:\WINDOWS\SYSTEM32\DBGHELP.DLL
0x00007ff821ff0000 - 0x00007ff822375000 	C:\WINDOWS\System32\combase.dll
0x00007ff8225b0000 - 0x00007ff822689000 	C:\WINDOWS\System32\OLEAUT32.dll
0x00007fffeef50000 - 0x00007fffeef8b000 	C:\WINDOWS\SYSTEM32\dbgcore.DLL
0x00007ff821cc0000 - 0x00007ff821d6c000 	C:\WINDOWS\System32\bcryptPrimitives.dll
0x00007fffbc920000 - 0x00007fffbc945000 	C:\Program Files\Eclipse Adoptium\jdk-17.0.20.101-hotspot\bin\java.dll
0x00007fff9f000000 - 0x00007fff9f0d7000 	C:\Program Files\Eclipse Adoptium\jdk-17.0.20.101-hotspot\bin\jsvml.dll
0x00007ff823560000 - 0x00007ff823cf8000 	C:\WINDOWS\System32\SHELL32.dll
0x00007ff81efd0000 - 0x00007ff81f87e000 	C:\WINDOWS\SYSTEM32\windows.storage.dll
0x00007ff822450000 - 0x00007ff82254b000 	C:\WINDOWS\System32\SHCORE.dll
0x00007ff8241e0000 - 0x00007ff824246000 	C:\WINDOWS\System32\shlwapi.dll
0x00007ff821410000 - 0x00007ff821439000 	C:\WINDOWS\SYSTEM32\profapi.dll
0x00007fffbce20000 - 0x00007fffbce3a000 	C:\Program Files\Eclipse Adoptium\jdk-17.0.20.101-hotspot\bin\net.dll
0x00007ff817d80000 - 0x00007ff817eaa000 	C:\WINDOWS\SYSTEM32\WINHTTP.dll
0x00007ff8207b0000 - 0x00007ff82081c000 	C:\WINDOWS\system32\mswsock.dll
0x00007fffbc830000 - 0x00007fffbc846000 	C:\Program Files\Eclipse Adoptium\jdk-17.0.20.101-hotspot\bin\nio.dll
0x00007fffbc810000 - 0x00007fffbc828000 	C:\Program Files\Eclipse Adoptium\jdk-17.0.20.101-hotspot\bin\zip.dll
0x00007fffd9380000 - 0x00007fffd938a000 	C:\Program Files\Eclipse Adoptium\jdk-17.0.20.101-hotspot\bin\management.dll
0x00007fffd6450000 - 0x00007fffd645c000 	C:\Program Files\Eclipse Adoptium\jdk-17.0.20.101-hotspot\bin\management_ext.dll
0x00007ff822b70000 - 0x00007ff822b78000 	C:\WINDOWS\System32\PSAPI.DLL
0x00007fffe5600000 - 0x00007fffe5618000 	C:\WINDOWS\system32\napinsp.dll
0x00007ff81fc20000 - 0x00007ff81fd78000 	C:\WINDOWS\SYSTEM32\DNSAPI.dll
0x00007ff820540000 - 0x00007ff82054d000 	C:\WINDOWS\SYSTEM32\DSPARSE.dll
0x00007ff81fb90000 - 0x00007ff81fbc3000 	C:\WINDOWS\SYSTEM32\IPHLPAPI.DLL
0x00007ff824250000 - 0x00007ff82425a000 	C:\WINDOWS\System32\NSI.dll
0x00007fffe55e0000 - 0x00007fffe55f3000 	C:\WINDOWS\System32\winrnr.dll
0x00007fffe55b0000 - 0x00007fffe55d7000 	C:\WINDOWS\system32\nlansp_c.dll
0x00007ff817eb0000 - 0x00007ff817ec6000 	C:\WINDOWS\system32\wshbth.dll
0x00007ff818200000 - 0x00007ff81820b000 	C:\Windows\System32\rasadhlp.dll
0x00007ff814800000 - 0x00007ff814886000 	C:\WINDOWS\System32\fwpuclnt.dll
0x00007ff820a90000 - 0x00007ff820aab000 	C:\WINDOWS\SYSTEM32\CRYPTSP.dll
0x00007ff820150000 - 0x00007ff820189000 	C:\WINDOWS\system32\rsaenh.dll
0x00007ff820850000 - 0x00007ff820884000 	C:\WINDOWS\SYSTEM32\USERENV.dll
0x00007ff8213e0000 - 0x00007ff82140a000 	C:\WINDOWS\SYSTEM32\bcrypt.dll
0x00007ff820ab0000 - 0x00007ff820abc000 	C:\WINDOWS\SYSTEM32\CRYPTBASE.dll
0x00007ff818260000 - 0x00007ff81827d000 	C:\WINDOWS\SYSTEM32\dhcpcsvc6.DLL
0x00007ff818230000 - 0x00007ff818255000 	C:\WINDOWS\SYSTEM32\dhcpcsvc.DLL
0x00007fffcf590000 - 0x00007fffcf599000 	C:\Program Files\Eclipse Adoptium\jdk-17.0.20.101-hotspot\bin\extnet.dll
0x00007fffc92b0000 - 0x00007fffc92b9000 	C:\Program Files\Eclipse Adoptium\jdk-17.0.20.101-hotspot\bin\jaas.dll
0x00007fffc40f0000 - 0x00007fffc40fe000 	C:\Program Files\Eclipse Adoptium\jdk-17.0.20.101-hotspot\bin\sunmscapi.dll
0x00007ff821e60000 - 0x00007ff821fde000 	C:\WINDOWS\System32\CRYPT32.dll
0x00007ff820cb0000 - 0x00007ff820ce0000 	C:\WINDOWS\SYSTEM32\ncrypt.dll
0x00007ff820c60000 - 0x00007ff820c9f000 	C:\WINDOWS\SYSTEM32\NTASN1.dll
0x00007ff80e310000 - 0x00007ff80e318000 	C:\WINDOWS\system32\wshunix.dll
0x00007fff94b30000 - 0x00007fff94b78000 	C:\Users\kkc24\AppData\Local\Temp\liblz4-java-11747599760304820557.dll
0x00007ff80a830000 - 0x00007ff80a840000 	C:\Program Files\Eclipse Adoptium\jdk-17.0.20.101-hotspot\bin\verify.dll

dbghelp: loaded successfully - version: 4.0.5 - missing functions: none
symbol engine: initialized successfully - sym options: 0x614 - pdb path: .;C:\Program Files\Eclipse Adoptium\jdk-17.0.20.101-hotspot\bin;C:\WINDOWS\SYSTEM32;C:\WINDOWS\WinSxS\amd64_microsoft.windows.common-controls_6595b64144ccf1df_6.0.26100.9278_none_3e0d1ba8e3303201;C:\Program Files\Eclipse Adoptium\jdk-17.0.20.101-hotspot\bin\server;C:\Users\kkc24\AppData\Local\Temp

VM Arguments:
jvm_args: -Xmx6g --add-opens=java.base/java.nio=ALL-UNNAMED --add-opens=java.base/sun.nio.ch=ALL-UNNAMED --add-opens=java.base/java.lang=ALL-UNNAMED --add-opens=java.base/java.util=ALL-UNNAMED -XX:+IgnoreUnrecognizedVMOptions --add-modules=jdk.incubator.vector --add-opens=java.base/java.lang=ALL-UNNAMED --add-opens=java.base/java.lang.invoke=ALL-UNNAMED --add-opens=java.base/java.lang.reflect=ALL-UNNAMED --add-opens=java.base/java.io=ALL-UNNAMED --add-opens=java.base/java.net=ALL-UNNAMED --add-opens=java.base/java.nio=ALL-UNNAMED --add-opens=java.base/java.util=ALL-UNNAMED --add-opens=java.base/java.util.concurrent=ALL-UNNAMED --add-opens=java.base/java.util.concurrent.atomic=ALL-UNNAMED --add-opens=java.base/jdk.internal.ref=ALL-UNNAMED --add-opens=java.base/sun.nio.ch=ALL-UNNAMED --add-opens=java.base/sun.nio.cs=ALL-UNNAMED --add-opens=java.base/sun.security.action=ALL-UNNAMED --add-opens=java.base/sun.util.calendar=ALL-UNNAMED --add-opens=java.security.jgss/sun.security.krb5=ALL-UNNAMED -Dio.netty.tryReflectionSetAccessible=true -Dio.netty.allocator.type=pooled -Dio.netty.handler.ssl.defaultEndpointVerificationAlgorithm=NONE --sun-misc-unsafe-memory-access=allow --enable-native-access=ALL-UNNAMED -Dderby.connection.requireAuthentication=false 
java_command: org.apache.spark.deploy.SparkSubmit --conf spark.executor.memory=4g --conf spark.master=local[2] --conf spark.driver.memory=6g --conf spark.rpc.message.maxSize=512 --conf spark.driver.maxResultSize=4g --conf spark.executor.heartbeatInterval=120s --conf spark.network.timeout=600s --conf spark.app.name=ClusterBench_gpu_only_3000 --conf spark.executor.cores=4 --conf spark.python.worker.reuse=true --conf spark.task.cpus=2 --conf spark.python.worker.memory=4g --conf spark.driver.extraJavaOptions=--add-opens=java.base/java.nio=ALL-UNNAMED --add-opens=java.base/sun.nio.ch=ALL-UNNAMED --add-opens=java.base/java.lang=ALL-UNNAMED --add-opens=java.base/java.util=ALL-UNNAMED pyspark-shell
java_class_path (initial): C:\Users\kkc24\AppData\Local\Programs\Python\Python312\Lib\site-packages\pyspark\bin\..\conf;C:\Users\kkc24\AppData\Local\Programs\Python\Python312\Lib\site-packages\pyspark\bin\..\jars\slf4j-api-2.0.17.jar;C:\Users\kkc24\AppData\Local\Programs\Python\Python312\Lib\site-packages\pyspark\bin\..\jars\aircompressor-2.0.3.jar;C:\Users\kkc24\AppData\Local\Programs\Python\Python312\Lib\site-packages\pyspark\bin\..\jars\algebra_2.13-2.8.0.jar;C:\Users\kkc24\AppData\Local\Programs\Python\Python312\Lib\site-packages\pyspark\bin\..\jars\antlr-runtime-3.5.2.jar;C:\Users\kkc24\AppData\Local\Programs\Python\Python312\Lib\site-packages\pyspark\bin\..\jars\antlr4-runtime-4.13.1.jar;C:\Users\kkc24\AppData\Local\Programs\Python\Python312\Lib\site-packages\pyspark\bin\..\jars\aopalliance-repackaged-3.0.6.jar;C:\Users\kkc24\AppData\Local\Programs\Python\Python312\Lib\site-packages\pyspark\bin\..\jars\arpack-3.2.0.jar;C:\Users\kkc24\AppData\Local\Programs\Python\Python312\Lib\site-packages\pyspark\bin\..\jars\arpack_combined_all-0.1.jar;C:\Users\kkc24\AppData\Local\Programs\Python\Python312\Lib\site-packages\pyspark\bin\..\jars\arrow-compression-19.0.0.jar;C:\Users\kkc24\AppData\Local\Programs\Python\Python312\Lib\site-packages\pyspark\bin\..\jars\arrow-format-19.0.0.jar;C:\Users\kkc24\AppData\Local\Programs\Python\Python312\Lib\site-packages\pyspark\bin\..\jars\arrow-memory-core-19.0.0.jar;C:\Users\kkc24\AppData\Local\Programs\Python\Python312\Lib\site-packages\pyspark\bin\..\jars\arrow-memory-netty-19.0.0.jar;C:\Users\kkc24\AppData\Local\Programs\Python\Python312\Lib\site-packages\pyspark\bin\..\jars\arrow-memory-netty-buffer-patch-19.0.0.jar;C:\Users\kkc24\AppData\Local\Programs\Python\Python312\Lib\site-packages\pyspark\bin\..\jars\arrow-vector-19.0.0.jar;C:\Users\kkc24\AppData\Local\Programs\Python\Python312\Lib\site-packages\pyspark\bin\..\jars\audience-annotations-0.12.0.jar;C:\Users\kkc24\AppData\Local\Programs\Python\Python312\Lib\site-packages\pys
Launcher Type: SUN_STANDARD

[Global flags]
     intx CICompilerCount                          = 4                                         {product} {ergonomic}
     uint ConcGCThreads                            = 2                                         {product} {ergonomic}
     uint G1ConcRefinementThreads                  = 8                                         {product} {ergonomic}
   size_t G1HeapRegionSize                         = 4194304                                   {product} {ergonomic}
    uintx GCDrainStackTargetSize                   = 64                                        {product} {ergonomic}
     bool IgnoreUnrecognizedVMOptions              = true                                      {product} {command line}
   size_t InitialHeapSize                          = 134217728                                 {product} {ergonomic}
   size_t MarkStackSize                            = 4194304                                   {product} {ergonomic}
   size_t MaxHeapSize                              = 6442450944                                {product} {command line}
   size_t MaxNewSize                               = 3862953984                                {product} {ergonomic}
   size_t MinHeapDeltaBytes                        = 4194304                                   {product} {ergonomic}
   size_t MinHeapSize                              = 8388608                                   {product} {ergonomic}
    uintx NonNMethodCodeHeapSize                   = 5839372                                {pd product} {ergonomic}
    uintx NonProfiledCodeHeapSize                  = 122909434                              {pd product} {ergonomic}
    uintx ProfiledCodeHeapSize                     = 122909434                              {pd product} {ergonomic}
    uintx ReservedCodeCacheSize                    = 251658240                              {pd product} {ergonomic}
     bool SegmentedCodeCache                       = true                                      {product} {ergonomic}
   size_t SoftMaxHeapSize                          = 6442450944                             {manageable} {ergonomic}
     bool UseCompressedClassPointers               = true                           {product lp64_product} {ergonomic}
     bool UseCompressedOops                        = true                           {product lp64_product} {ergonomic}
     bool UseG1GC                                  = true                                      {product} {ergonomic}
     bool UseLargePagesIndividualAllocation        = false                                  {pd product} {ergonomic}

Logging:
Log output configuration:
 #0: stdout all=warning uptime,level,tags
 #1: stderr all=off uptime,level,tags

Environment Variables:
JAVA_HOME=C:\Program Files\Eclipse Adoptium\jdk-17.0.20.101-hotspot\
PATH=C:\Users\kkc24\bin;C:\Program Files\Git\mingw64\bin;C:\Program Files\Git\usr\local\bin;C:\Program Files\Git\usr\bin;C:\Program Files\Git\usr\bin;C:\Program Files\Git\mingw64\bin;C:\Program Files\Git\usr\bin;C:\Users\kkc24\bin;C:\Program Files\Eclipse Adoptium\jdk-17.0.20.101-hotspot\bin;C:\Windows\system32;C:\Windows;C:\Windows\System32\Wbem;C:\Windows\System32\WindowsPowerShell\v1.0;C:\Windows\System32\OpenSSH;C:\Program Files (x86)\NVIDIA Corporation\PhysX\Common;C:\Users\kkc24\AppData\Roaming\npm;C:\Program Files\Git\cmd;C:\WINDOWS\system32;C:\WINDOWS;C:\WINDOWS\System32\Wbem;C:\WINDOWS\System32\WindowsPowerShell\v1.0;C:\WINDOWS\System32\OpenSSH;C:\Program Files\Microsoft SQL Server\Client SDK\ODBC\170\Tools\Binn;C:\Program Files (x86)\Microsoft SQL Server\150\Tools\Binn;C:\Program Files\Microsoft SQL Server\150\Tools\Binn;C:\Program Files\Microsoft SQL Server\150\DTS\Binn;C:\Program Files\Docker\Docker\resources\bin;C:\Program Files\NVIDIA Corporation\NVIDIA App\NvDLISR;C:\Program Files\nodejs;C:\Program Files\Amazon\AWSCLIV2;C:\Program Files\Amazon\SessionManagerPlugin\bin;C:\Users\kkc24\AppData\Local\Programs\Python\Python312\Scripts;C:\Users\kkc24\AppData\Local\Programs\Python\Python312;C:\Users\kkc24\AppData\Local\Programs\Python\Python310\Scripts;C:\Users\kkc24\AppData\Local\Programs\Python\Python310;C:\Ruby30-x64\bin;C:\Users\kkc24\AppData\Local\Microsoft\WindowsApps;C:\Users\kkc24\AppData\Local\Programs\Ollama;C:\Users\kkc24\AppData\Local\Programs\Kiro\bin;C:\Users\kkc24\AppData\Roaming\npm;C:\Program Files\Git\usr\bin\vendor_perl;C:\Program Files\Git\usr\bin\core_perl
USERNAME=kkc24
TERM=xterm-256color
OS=Windows_NT
PROCESSOR_IDENTIFIER=Intel64 Family 6 Model 158 Stepping 10, GenuineIntel
TMP=C:\Users\kkc24\AppData\Local\Temp
TEMP=C:\Users\kkc24\AppData\Local\Temp



Periodic native trim disabled


---------------  S Y S T E M  ---------------

OS:
 Windows 11 , 64 bit Build 26100 (10.0.26100.9444)
OS uptime: 6 days 0:38 hours
Hyper-V role detected

CPU: total 8 (initial active 8) (4 cores per cpu, 2 threads per core) family 6 model 158 stepping 10 microcode 0xde, cx8, cmov, fxsr, ht, mmx, 3dnowpref, sse, sse2, sse3, ssse3, sse4.1, sse4.2, popcnt, lzcnt, tsc, tscinvbit, avx, avx2, aes, erms, clmul, bmi1, bmi2, adx, fma, vzeroupper, clflush, clflushopt, hv
Processor Information for processor 0
  Max Mhz: 2400, Current Mhz: 2400, Mhz Limit: 2400
Processor Information for processor 1
  Max Mhz: 2400, Current Mhz: 1500, Mhz Limit: 2400
Processor Information for processor 2
  Max Mhz: 2400, Current Mhz: 2400, Mhz Limit: 2400
Processor Information for processor 3
  Max Mhz: 2400, Current Mhz: 1500, Mhz Limit: 2400
Processor Information for processor 4
  Max Mhz: 2400, Current Mhz: 2400, Mhz Limit: 2400
Processor Information for processor 5
  Max Mhz: 2400, Current Mhz: 2400, Mhz Limit: 2400
Processor Information for processor 6
  Max Mhz: 2400, Current Mhz: 1500, Mhz Limit: 2400
Processor Information for processor 7
  Max Mhz: 2400, Current Mhz: 2400, Mhz Limit: 2400

Memory: 4k page, system-wide physical 8044M (212M free)
TotalPageFile size 32620M (AvailPageFile size 157M)
current process WorkingSet (physical memory assigned to process): 277M, peak: 1242M
current process commit charge ("private bytes"): 1851M, peak: 2035M

vm_info: OpenJDK 64-Bit Server VM (17.0.20.1+1) for windows-amd64 JRE (17.0.20.1+1), built on Aug 18 2026 20:44:09 by "admin" with MS VC++ 17.12 (VS2022)

END.
